,成交占总市值占比,流通市值换手率,pe,macd,基差,收盘价
5/26/26,0.0000,0.0000,14.6389,-22.3893,68.9974,4921.5974
5/25/26,0.0125,1.6215,14.6389,-22.3893,68.9974,4921.5974
5/22/26,0.0113,1.4688,14.4857,-33.3590,56.8956,4845.0956
5/21/26,0.0131,1.7103,14.3954,-34.1773,40.0976,4783.0976
5/20/26,0.0106,1.3812,14.5742,-21.8059,44.1000,4850.7000
5/19/26,0.0103,1.3423,14.6339,-15.9412,39.6832,4852.8832
5/18/26,0.0107,1.3893,14.5538,-7.7057,31.5237,4833.5237
5/15/26,0.0129,1.6745,14.6060,7.9523,35.5927,4859.5927
5/14/26,0.0124,1.6022,14.7255,24.8642,30.1971,4914.5971
5/13/26,0.0117,1.5173,14.8989,36.4987,29.5417,4998.3417
5/12/26,0.0117,1.5200,14.8265,32.9783,36.4465,4948.0465
5/11/26,0.0129,1.6747,14.8549,33.0013,39.2366,4951.8366
5/8/26,0.0103,1.3427,14.7058,27.7820,35.1122,4871.9122
5/7/26,0.0113,1.4684,14.7677,31.8027,38.1098,4900.5098
5/6/26,0.0127,1.6454,14.7866,28.2311,37.6932,4877.0932
4/30/26,0.0105,1.3688,14.6355,23.5527,43.9069,4807.3069
4/29/26,0.0098,1.2795,14.7094,27.0449,44.3468,4810.3468
4/28/26,0.0092,1.1950,14.6106,28.5365,55.8083,4758.2083
4/27/26,0.0095,1.2282,14.5416,38.0461,55.3469,4770.9469
4/24/26,0.0099,1.2862,14.5458,46.4451,55.7688,4769.3688
4/23/26,0.0101,1.3089,14.6039,55.4236,61.9273,4786.3273
4/22/26,0.0090,1.1689,14.6095,60.9697,54.8270,4799.6270
4/21/26,0.0085,1.0990,14.5769,61.5226,60.1970,4767.9970
4/20/26,0.0092,1.1887,14.5233,63.4336,60.8419,4757.4419
4/17/26,0.0087,1.1224,14.4034,63.2838,61.6716,4728.6716
4/16/26,0.0083,1.0808,14.4311,63.7985,58.8077,4736.6077
4/15/26,0.0089,1.1598,14.3575,58.0858,60.0464,4685.2464
4/14/26,0.0089,1.1607,14.3758,55.2223,61.6837,4701.2837
4/13/26,0.0083,1.0774,14.2615,43.6307,75.5546,4646.1546
4/10/26,0.0093,1.2142,14.2194,33.7758,74.5655,4636.5655
4/9/26,0.0075,0.9812,14.1048,18.4014,66.2237,4566.2237
4/8/26,0.0096,1.2502,14.1855,8.0008,55.9560,4595.5560
4/7/26,0.0058,0.7546,13.9044,-13.8248,80.6162,4440.6162
4/3/26,0.0057,0.7444,13.9116,-14.4993,78.5889,4440.7889
4/2/26,0.0065,0.8495,14.0453,-13.0088,88.7141,4478.9141
4/1/26,0.0076,0.9905,14.1184,-15.9699,77.8668,4526.0668
3/31/26,0.0074,0.9651,13.8916,-27.6713,74.2493,4450.0493
3/30/26,0.0067,0.8806,13.9575,-27.3150,77.9500,4491.9500
3/27/26,0.0067,0.8726,13.9128,-31.8641,75.1698,4502.5698
3/26/26,0.0072,0.9377,13.7880,-37.5882,81.5343,4477.5343
3/25/26,0.0083,1.0852,13.8647,-37.5637,87.4656,4537.4656
3/24/26,0.0081,1.0569,13.7405,-45.8085,86.3224,4474.7224
3/23/26,0.0103,1.3531,13.6116,-41.7125,73.5971,4417.9971
3/20/26,0.0092,1.2015,14.0240,-19.6621,80.6179,4567.0179
3/19/26,0.0081,1.0628,14.0905,-12.8595,-3.3489,4583.2511
3/18/26,0.0077,1.0069,14.1822,-3.9842,6.9324,4658.3324
3/17/26,0.0085,1.1131,14.1606,-4.5745,8.6392,4637.4392
3/16/26,0.0088,1.1476,14.1994,-0.6881,8.7591,4671.5591
3/13/26,0.0085,1.1120,14.2084,-1.2036,11.1400,4669.1400
3/12/26,0.0084,1.0917,14.2607,-1.2610,29.1601,4687.5601
3/11/26,0.0085,1.1046,14.2607,-4.8305,17.4959,4704.4959
3/10/26,0.0082,1.0701,14.1546,-13.4073,10.7562,4674.7562
3/9/26,0.0098,1.2845,14.1520,-19.7685,16.2551,4615.4551
3/6/26,0.0072,0.9355,14.1906,-16.0916,14.4390,4660.4390
3/5/26,0.0084,1.0954,14.1839,-18.0151,18.6921,4647.6921
3/4/26,0.0090,1.1767,14.1144,-17.0152,11.6247,4602.6247
3/3/26,0.0117,1.5308,14.2792,-4.9188,4.4962,4655.8962
3/2/26,0.0110,1.4310,14.2791,3.7826,17.4688,4728.6688
2/27/26,0.0086,1.1096,14.1261,2.3507,-3.1531,4710.6469
2/26/26,0.0089,1.1475,14.1502,3.3742,14.6739,4726.8739
2/25/26,0.0088,1.1388,14.2015,1.2638,4.4858,4735.8858
2/24/26,0.0078,1.0082,14.1522,-4.1886,24.1440,4707.5440
2/13/26,0.0068,0.8757,14.0102,-6.9059,33.4056,4660.4056
2/12/26,0.0072,0.9357,14.2037,-1.2195,2.7780,4719.5780
2/11/26,0.0064,0.8258,14.2290,-4.2751,-0.9815,4713.8185
2/10/26,0.0066,0.8576,14.2298,-7.8045,0.2956,4724.2956
2/9/26,0.0077,0.9969,14.1987,-15.1164,-2.1441,4719.0559
2/6/26,0.0075,0.9767,14.0408,-24.6795,5.9959,4643.5959
2/5/26,0.0082,1.0590,14.0848,-22.7902,5.2188,4670.4188
2/4/26,0.0094,1.2188,14.1321,-23.7051,5.0832,4698.6832
2/3/26,0.0100,1.2905,13.9736,-29.3941,7.1074,4660.1074
2/2/26,0.0109,1.4152,13.9058,-28.6991,28.5799,4605.9799
1/30/26,0.0111,1.4375,14.1752,-14.8170,-4.6599,4706.3401
1/29/26,0.0134,1.7418,14.3128,-12.6200,-30.1303,4753.8697
1/28/26,0.0122,1.5861,14.1971,-18.5457,-14.8086,4717.9914
1/27/26,0.0106,1.3707,14.1373,-19.9960,-12.5082,4705.6918
1/26/26,0.0118,1.5264,14.1452,-19.0537,-12.4360,4706.9640
1/23/26,0.0112,1.4526,14.0794,-17.2094,-6.7034,4702.4966
1/22/26,0.0102,1.3193,14.1667,-12.9806,4.3091,4723.7091
1/21/26,0.0098,1.2712,14.1768,-10.5932,0.2692,4723.0692
1/20/26,0.0099,1.2808,14.2217,-6.9406,10.2782,4718.8782
1/19/26,0.0096,1.2489,14.2172,-0.8902,5.8556,4734.4556
1/16/26,0.0116,1.4972,14.2235,4.4290,8.6728,4731.8728
1/15/26,0.0099,1.2774,14.3163,11.8313,4.8293,4751.4293
1/14/26,0.0130,1.6873,14.3477,17.4459,1.9306,4741.9306
1/13/26,0.0116,1.5066,14.4556,25.6984,2.4324,4761.0324
1/12/26,0.0116,1.4985,14.4838,31.7087,15.9155,4789.9155
1/9/26,0.0097,1.2606,14.4075,31.7407,15.1221,4758.9221
1/8/26,0.0092,1.1943,14.3492,34.5401,19.2536,4737.6536
1/7/26,0.0096,1.2511,14.4391,39.6557,23.6658,4776.6658
1/6/26,0.0105,1.3595,14.5183,35.8893,12.6938,4790.6938
1/5/26,0.0092,1.2001,14.3331,23.4988,20.7457,4717.7457
12/31/25,0.0066,0.8576,14.1724,16.2272,30.1395,4629.9395
12/30/25,0.0068,0.8804,14.1851,20.8420,29.0818,4651.2818
12/29/25,0.0071,0.9314,14.1573,21.8674,29.1721,4639.3721
12/26/25,0.0068,0.8883,14.1461,23.9273,18.8400,4657.2400
12/25/25,0.0057,0.7438,14.1338,21.4813,31.9357,4642.5357
12/24/25,0.0060,0.7857,14.1148,18.7708,39.0586,4634.0586
12/23/25,0.0064,0.8391,14.0942,14.6748,49.3341,4620.7341
12/22/25,0.0067,0.8708,14.0540,9.7665,46.8235,4611.6235
12/19/25,0.0056,0.7278,13.9670,3.1679,41.1781,4568.1781
12/18/25,0.0057,0.7492,13.9586,1.4516,2.3926,4552.7926
12/17/25,0.0068,0.8857,13.9592,1.9660,1.6750,4579.8750
12/16/25,0.0059,0.7759,13.7674,-2.6465,-1.8455,4497.5545
12/15/25,0.0064,0.8353,13.8929,7.2328,6.4596,4552.0596
12/12/25,0.0079,1.0339,13.9089,11.5342,6.9500,4580.9500
12/11/25,0.0066,0.8553,13.8800,11.8194,12.5848,4552.1848
12/10/25,0.0061,0.7890,13.9725,17.4553,17.6273,4591.8273
12/9/25,0.0068,0.8850,14.0337,17.2698,15.0232,4598.2232
12/8/25,0.0074,0.9693,14.0806,14.6454,8.5545,4621.7545
12/5/25,0.0062,0.8088,14.0187,4.9228,10.1368,4584.5368
12/4/25,0.0053,0.6880,13.9561,-2.8875,15.9664,4546.5664
12/3/25,0.0057,0.7400,13.9352,-6.8223,12.8486,4531.0486
12/2/25,0.0055,0.7164,14.0177,-8.8276,18.5347,4554.3347
12/1/25,0.0070,0.9093,14.0525,-15.5135,21.0856,4576.4856
11/28/25,0.0052,0.6764,13.9409,-28.9087,20.8616,4526.6616
11/27/25,0.0063,0.8271,13.9466,-37.2878,22.8027,4515.4027
11/26/25,0.0065,0.8479,13.9205,-44.9213,24.6255,4517.6255
11/25/25,0.0062,0.8178,13.9185,-53.6080,17.4047,4490.4047
11/24/25,0.0065,0.8531,13.8076,-57.4160,12.8478,4448.0478
11/21/25,0.0073,0.9603,13.8715,-50.2343,25.2076,4453.6076
11/20/25,0.0062,0.8108,14.1387,-36.0862,25.7483,4564.9483
11/19/25,0.0057,0.7498,14.1603,-33.7304,23.0922,4588.2922
11/18/25,0.0063,0.8233,14.0560,-32.5974,13.1928,4568.1928
11/17/25,0.0065,0.8548,14.1353,-24.7862,16.6525,4598.0525
11/14/25,0.0066,0.8602,14.2373,-17.2655,27.7398,4628.1398
11/13/25,0.0075,0.9733,14.4074,-10.9738,25.0738,4702.0738
11/12/25,0.0073,0.9471,14.3119,-16.1608,17.9079,4645.9079
11/11/25,0.0071,0.9206,14.2723,-12.7744,25.3655,4652.1655
11/10/25,0.0087,1.1364,14.3641,-8.7632,23.0507,4695.0507
11/7/25,0.0075,0.9758,14.2848,-11.5960,19.3944,4678.7944
11/6/25,0.0081,1.0609,14.3295,-13.0995,22.6032,4693.4032
11/5/25,0.0070,0.9079,14.1770,-18.6840,30.6570,4627.2570
11/4/25,0.0075,0.9806,14.1715,-13.9152,29.6990,4618.6990
11/3/25,0.0083,1.0779,14.2038,-4.8222,18.6028,4653.4028
10/31/25,0.0102,1.3227,14.1146,1.5491,9.2676,4640.6676
10/30/25,0.0106,1.3788,14.4943,12.6880,19.9110,4709.9110
10/29/25,0.0095,1.2288,14.6152,13.8135,15.2378,4747.8378
10/28/25,0.0084,1.0968,14.6222,5.2922,22.3730,4691.9730
10/27/25,0.0099,1.2868,14.6922,1.2425,31.6186,4716.0186
10/24/25,0.0082,1.0693,14.5550,-11.5881,25.8835,4660.6835
10/23/25,0.0063,0.8221,14.4576,-21.1854,25.5447,4606.3447
10/22/25,0.0066,0.8646,14.3983,-25.0668,29.1700,4592.5700
10/21/25,0.0083,1.0810,14.3729,-27.8412,30.2715,4607.8715
10/20/25,0.0077,1.0058,14.2164,-34.6298,31.4201,4538.2201
10/17/25,0.0086,1.1186,14.1537,-30.0565,29.0345,4514.2345
10/16/25,0.0085,1.1007,14.4041,-17.1638,28.4218,4618.4218
10/15/25,0.0092,1.1997,14.3058,-18.2859,29.8879,4606.2879
10/14/25,0.0124,1.6190,14.1445,-18.0494,31.8644,4539.0644
10/13/25,0.0109,1.4218,14.1895,-4.5133,31.3785,4593.9785
10/10/25,0.0121,1.5708,14.2453,4.1723,24.6341,4616.8341
10/9/25,0.0130,1.6849,14.4153,10.9045,20.2820,4709.4820
9/30/25,0.0102,1.3178,14.2226,-0.2399,22.6935,4640.6935
9/29/25,0.0106,1.3790,14.1852,-6.0596,15.4528,4620.0528
9/26/25,0.0093,1.2048,14.0419,-12.7027,25.0487,4550.0487
9/25/25,0.0103,1.3379,14.1334,-10.0738,31.2875,4593.4875
9/24/25,0.0097,1.2607,14.0963,-16.0190,36.0708,4566.0708
9/23/25,0.0105,1.3722,14.0133,-20.7544,35.9781,4519.7781
9/22/25,0.0088,1.1375,13.9724,-19.3780,38.6080,4522.6080
9/19/25,0.0094,1.2233,13.9609,-18.4444,37.5195,4501.9195
9/18/25,0.0131,1.7004,13.9616,-13.5763,10.9090,4498.1090
9/17/25,0.0093,1.2158,14.1591,-6.3422,-2.1770,4551.0230
9/16/25,0.0095,1.2315,14.0897,-7.5389,6.5367,4523.3367
9/15/25,0.0094,1.2299,14.1327,-5.6964,5.2557,4533.0557
9/12/25,0.0106,1.3835,14.1308,-6.8036,-1.2020,4521.9980
9/11/25,0.0106,1.3839,14.1801,-8.3139,-13.9655,4548.0345
9/10/25,0.0083,1.0898,13.9431,-17.9197,12.9649,4445.3649
9/9/25,0.0088,1.1481,13.9023,-13.4590,10.0584,4436.2584
9/8/25,0.0106,1.3868,13.9860,-6.0470,14.5733,4467.5733
9/5/25,0.0103,1.3488,13.9752,-2.8265,3.7249,4460.3249
9/4/25,0.0121,1.5886,13.8531,1.2684,15.8085,4365.2085
9/3/25,0.0102,1.3297,14.0110,24.2985,29.8296,4459.8296
9/2/25,0.0120,1.5638,14.1414,36.9800,9.2528,4490.4528
9/1/25,0.0118,1.5450,14.1369,45.2107,13.1111,4523.7111
8/29/25,0.0128,1.6694,14.1516,45.2500,-9.4409,4496.7591
8/28/25,0.0115,1.4964,14.0934,44.6423,3.3820,4463.7820
8/27/25,0.0123,1.6099,13.8596,44.4447,2.1266,4386.1266
8/26/25,0.0097,1.2662,14.1137,54.1782,3.5905,4452.5905
8/25/25,0.0127,1.6542,14.1813,49.7561,-5.3783,4469.2217
8/22/25,0.0106,1.3815,13.9698,33.4640,-16.0023,4377.9977
8/21/25,0.0089,1.1615,13.7272,21.7406,5.8707,4288.0707
8/20/25,0.0086,1.1257,13.6689,18.1445,1.3958,4271.3958
8/19/25,0.0089,1.1689,13.5347,12.9780,7.1741,4223.3741
8/18/25,0.0102,1.3408,13.5400,12.1875,1.6125,4239.4125
8/15/25,0.0084,1.1026,13.4562,5.4472,-7.0467,4202.3533
8/14/25,0.0079,1.0354,13.4225,0.6347,9.5131,4173.3131
8/13/25,0.0075,0.9880,13.4224,-2.3127,5.7776,4176.5776
8/12/25,0.0062,0.8218,13.3867,-8.6138,12.6252,4143.8252
8/11/25,0.0059,0.7824,13.2980,-12.4128,17.7106,4122.5106
8/8/25,0.0051,0.6701,13.3052,-14.2627,21.7669,4104.9669
8/7/25,0.0059,0.7773,13.3337,-13.6609,22.0660,4114.6660
8/6/25,0.0050,0.6692,13.3173,-14.7974,16.4852,4113.4852
8/5/25,0.0050,0.6693,13.2934,-16.4466,21.4500,4103.4500
8/4/25,0.0049,0.6518,13.1663,-17.0265,17.9023,4070.7023
8/1/25,0.0060,0.7950,13.1154,-11.2864,25.3286,4054.9286
7/31/25,0.0081,1.0817,13.1865,0.5383,18.5912,4075.5912
7/30/25,0.0073,0.9662,13.3930,13.6210,14.8379,4151.2379
7/29/25,0.0070,0.9334,13.3536,16.4217,10.6247,4152.0247
7/28/25,0.0066,0.8885,13.5171,17.8774,13.8242,4135.8242
7/25/25,0.0070,0.9412,13.5069,20.5845,11.1634,4127.1634
7/24/25,0.0078,1.0596,13.5888,23.5915,7.8368,4149.0368
7/23/25,0.0076,1.0277,13.5425,20.6821,10.5685,4119.7685
7/22/25,0.0073,0.9859,13.5284,19.0772,9.1582,4118.9582
7/21/25,0.0061,0.8322,13.4486,13.9676,20.8072,4085.6072
7/18/25,0.0058,0.7844,13.3872,10.3899,16.7486,4058.5486
7/17/25,0.0053,0.7252,13.3168,8.3246,22.6910,4034.4910
7/16/25,0.0049,0.6721,13.2862,8.2719,36.2019,4007.2019
7/15/25,0.0058,0.7879,13.3163,12.1228,38.4644,4019.0644
7/14/25,0.0053,0.7156,13.3252,13.9372,31.8678,4017.6678
7/11/25,0.0073,0.9898,13.3089,15.0948,21.4070,4014.8070
7/10/25,0.0057,0.7747,13.3386,15.4563,38.0243,4010.0243
7/9/25,0.0050,0.6841,13.2667,14.9639,38.6006,3991.4006
7/8/25,0.0048,0.6539,13.2629,16.0251,39.8527,3998.4527
7/7/25,0.0037,0.5075,13.1866,14.3020,47.1746,3965.1746
7/4/25,0.0048,0.6527,13.2300,16.5517,46.2034,3982.2034
7/3/25,0.0045,0.6091,13.1583,14.7596,50.0676,3968.0676
7/2/25,0.0041,0.5594,13.1225,13.0750,49.4849,3943.6849
7/1/25,0.0039,0.5360,13.1154,13.8434,56.7620,3942.7620
6/30/25,0.0048,0.6579,13.0659,13.7314,50.2791,3936.0791
6/27/25,0.0058,0.7850,13.0224,13.4473,45.1578,3921.7578
6/26/25,0.0054,0.7426,13.1643,14.5177,41.8195,3946.0195
6/25/25,0.0060,0.8170,13.1709,9.8519,37.2662,3960.0662
6/24/25,0.0049,0.6718,13.0251,-1.4427,51.6342,3904.0342
6/23/25,0.0039,0.5365,12.9015,-8.0624,60.5016,3857.9016
6/20/25,0.0036,0.4946,12.8262,-8.6907,73.0443,3846.6443
6/19/25,0.0040,0.5448,12.7976,-6.8389,2.6912,3843.0912
6/18/25,0.0039,0.5316,12.8156,-2.7853,2.7708,3874.9708
6/17/25,0.0038,0.5092,12.7818,-2.7983,1.7786,3870.3786
6/16/25,0.0042,0.5707,12.7787,-1.8813,3.9951,3873.7951
6/13/25,0.0053,0.7192,12.7195,-1.1984,7.7822,3864.1822
6/12/25,0.0045,0.6020,12.7797,1.7004,8.5992,3892.1992
6/11/25,0.0044,0.5945,12.8038,0.2250,15.8252,3894.6252
6/10/25,0.0046,0.6136,12.5275,-2.8885,24.4652,3865.4652
6/9/25,0.0046,0.6075,12.5712,-1.9222,17.4459,3885.2459
6/6/25,0.0035,0.4693,12.5614,-4.5043,18.5841,3873.9841
6/5/25,0.0041,0.5384,12.5644,-6.2171,25.5557,3877.5557
6/4/25,0.0037,0.4931,12.5353,-9.4370,26.3429,3868.7429
6/3/25,0.0040,0.5298,12.5011,-12.2926,27.2127,3852.0127
5/30/25,0.0035,0.4670,12.4616,-12.7503,17.8323,3840.2323
5/29/25,0.0037,0.4890,12.4885,-10.3966,25.8998,3858.6998
5/28/25,0.0029,0.3810,12.4429,-9.9603,31.2366,3836.2366
5/27/25,0.0031,0.4185,12.4516,-4.3222,30.1969,3839.3969
5/26/25,0.0037,0.4880,12.4877,3.8891,28.9067,3860.1067
5/23/25,0.0041,0.5414,12.5468,11.9300,36.0741,3882.2741
5/22/25,0.0034,0.4552,12.6486,18.7436,34.2651,3913.8651
5/21/25,0.0038,0.5002,12.6491,21.1537,35.1807,3916.3807
5/20/25,0.0035,0.4670,12.5909,22.3257,32.7705,3898.1705
5/19/25,0.0032,0.4300,12.5257,25.7216,33.9453,3877.1453
5/16/25,0.0037,0.4841,12.5611,33.0362,43.0854,3889.0854
5/15/25,0.0042,0.5562,12.6353,39.3717,34.3992,3907.1992
5/14/25,0.0055,0.7310,12.7193,42.4782,35.8108,3943.2108
5/13/25,0.0047,0.6196,12.5713,36.6716,45.2583,3896.2583
5/12/25,0.0052,0.6877,12.5363,34.1792,37.6096,3890.6096
5/9/25,0.0038,0.5078,12.4390,28.9053,37.5566,3846.1566
5/8/25,0.0044,0.5789,12.4451,27.6610,36.8963,3852.8963
5/7/25,0.0051,0.6730,12.4081,22.6302,46.6270,3831.6270
5/6/25,0.0048,0.6360,12.2957,17.7832,42.3424,3808.5424
4/30/25,0.0044,0.5856,12.2087,14.0868,54.3705,3770.5705
4/29/25,0.0035,0.4701,12.3047,15.6316,50.2767,3775.0767
4/28/25,0.0038,0.4998,12.3204,16.8105,51.0188,3781.6188
4/25/25,0.0039,0.5234,12.2609,16.9490,47.7937,3786.9937
4/24/25,0.0037,0.4870,12.2906,15.7151,47.5574,3784.3574
4/23/25,0.0044,0.5869,12.2687,14.0877,52.8824,3786.8824
4/22/25,0.0038,0.4992,12.2931,10.9747,50.9522,3783.9522
4/21/25,0.0037,0.4952,12.2489,6.9139,51.6806,3784.8806
4/18/25,0.0031,0.4123,12.2633,0.9348,63.7230,3772.5230
4/17/25,0.0037,0.4980,12.2539,-4.8741,61.6221,3772.2221
4/16/25,0.0047,0.6236,12.2560,-12.3774,82.0204,3772.8204
4/15/25,0.0041,0.5479,12.1718,-22.1575,70.8348,3761.2348
4/14/25,0.0053,0.7032,12.1405,-32.3160,64.3422,3759.1422
4/11/25,0.0058,0.7687,12.0907,-44.2421,63.9167,3750.5167
4/10/25,0.0074,0.9767,12.0675,-56.7783,62.1151,3735.1151
4/9/25,0.0084,1.1114,11.9692,-68.0203,72.7943,3686.7943
4/8/25,0.0086,1.1414,11.9030,-69.7602,106.9590,3650.7590
4/7/25,0.0097,1.2864,11.6708,-58.9435,136.8406,3589.4406
4/3/25,0.0047,0.6187,12.4221,-24.1031,24.5034,3861.5034
4/2/25,0.0035,0.4638,12.4376,-21.9507,26.7858,3884.3858
4/1/25,0.0044,0.5756,12.4337,-21.4761,28.0841,3887.6841
3/31/25,0.0047,0.6280,12.3762,-19.8099,28.7056,3887.3056
3/28/25,0.0038,0.4969,12.4347,-15.7111,31.1662,3915.1662
3/27/25,0.0041,0.5379,12.5328,-13.8966,27.8117,3932.4117
3/26/25,0.0039,0.5135,12.5019,-13.7739,27.5566,3919.3566
3/25/25,0.0042,0.5545,12.5462,-10.2409,27.8951,3932.2951
3/24/25,0.0047,0.6174,12.5521,-6.9058,34.6486,3934.8486
3/21/25,0.0055,0.7216,12.5449,-2.0876,31.8956,3914.6956
3/20/25,0.0045,0.5987,12.7014,9.2923,-2.6082,3974.9918
3/19/25,0.0050,0.6536,12.8486,13.7995,-3.0320,4010.1680
3/18/25,0.0051,0.6695,12.8270,12.1138,2.1229,4007.7229
3/17/25,0.0055,0.7299,12.8162,8.3997,0.7876,3996.7876
3/14/25,0.0078,1.0316,12.8186,3.5332,-6.2433,4006.5567
3/13/25,0.0052,0.6913,12.5424,-6.9507,6.7793,3911.5793
3/12/25,0.0055,0.7241,12.5570,-4.1769,4.0315,3927.2315
3/11/25,0.0051,0.6693,12.6012,-3.0365,11.4157,3941.4157
3/10/25,0.0052,0.6837,12.5548,-4.3140,11.0018,3928.8018
3/7/25,0.0060,0.7922,12.6217,-3.8959,0.2143,3944.0143
3/6/25,0.0070,0.9223,12.6516,-6.4900,2.0369,3956.2369
3/5/25,0.0052,0.6822,12.5358,-13.0781,7.9706,3902.5706
3/4/25,0.0053,0.7026,12.4462,-12.0937,3.0208,3885.2208
3/3/25,0.0063,0.8366,12.5359,-6.5531,1.8738,3888.4738
2/28/25,0.0075,0.9868,12.5543,1.5542,-9.7513,3890.0487
2/27/25,0.0075,0.9886,12.7363,13.3960,-5.4841,3968.1159
2/26/25,0.0068,0.8952,12.6946,14.6349,2.7413,3959.9413
2/25/25,0.0067,0.8818,12.6115,16.4643,-2.9495,3925.6505
2/24/25,0.0079,1.0503,12.7566,24.4543,2.5169,3969.7169
2/21/25,0.0088,1.1622,12.8030,25.7085,-3.1560,3978.4440
2/20/25,0.0057,0.7564,12.7030,23.3963,2.0959,3928.8959
2/19/25,0.0064,0.8507,12.7416,27.5481,0.7602,3940.1602
2/18/25,0.0070,0.9399,12.7000,29.3669,-5.4171,3912.7829
2/17/25,0.0075,1.0065,12.7622,35.2806,-0.8017,3947.3983
2/14/25,0.0063,0.8444,12.7430,34.7157,-5.3915,3939.0085
2/13/25,0.0066,0.8868,12.6554,32.7474,-4.8602,3905.1398
2/12/25,0.0062,0.8342,12.6841,34.0194,1.4617,3919.8617
2/11/25,0.0060,0.8005,12.5817,30.5789,-0.0648,3883.1352
2/10/25,0.0068,0.9111,12.5820,30.5082,2.0618,3901.0618
2/7/25,0.0087,1.1549,12.5503,24.8016,-5.0972,3892.7028
2/6/25,0.0067,0.8909,12.4360,16.0439,1.2314,3842.8314
2/5/25,0.0063,0.8371,12.3184,11.6946,6.2848,3795.0848
1/27/25,0.0051,0.6777,12.4424,14.3680,22.0802,3817.0802
1/24/25,0.0053,0.7114,12.4283,13.8628,-10.9363,3832.8637
1/23/25,0.0062,0.8343,12.3824,9.6458,5.1439,3803.7439
1/22/25,0.0054,0.7262,12.2966,9.0537,6.2166,3797.0166
1/21/25,0.0051,0.6859,12.4137,9.7698,1.0145,3832.6145
1/20/25,0.0052,0.7026,12.4341,3.9270,2.6764,3829.6764
1/17/25,0.0048,0.6394,12.4383,-4.0086,5.1429,3812.3429
1/16/25,0.0055,0.7372,12.4335,-11.6739,8.1836,3800.3836
1/15/25,0.0050,0.6738,12.3986,-19.3756,1.4260,3796.0260
1/14/25,0.0062,0.8305,12.4651,-28.0817,3.7395,3820.5395
1/13/25,0.0045,0.6092,12.2103,-43.6120,-1.4870,3722.5130
1/10/25,0.0050,0.6743,12.2569,-43.8794,4.4806,3732.4806
1/9/25,0.0045,0.6088,12.4076,-41.9234,7.6773,3779.8773
1/8/25,0.0054,0.7246,12.4878,-44.3651,8.0153,3789.2153
1/7/25,0.0048,0.6421,12.4754,-46.0212,6.5055,3796.1055
1/6/25,0.0047,0.6354,12.4074,-45.9483,6.9697,3768.9697
1/3/25,0.0055,0.7354,12.4348,-36.3614,-3.8352,3775.1648
1/2/25,0.0069,0.9295,12.5611,-19.3517,2.5952,3820.3952
12/31/24,0.0060,0.8084,12.9294,-0.0029,13.9109,3934.9109
12/30/24,0.0055,0.7399,13.0866,7.2800,-4.3451,3999.0549
12/27/24,0.0059,0.7952,13.0053,4.9608,-5.9693,3981.0307
12/26/24,0.0053,0.7040,13.0197,4.2746,-2.9199,3987.4801
12/25/24,0.0051,0.6883,13.0492,1.2858,-1.1709,3985.6291
12/24/24,0.0053,0.7161,12.9920,-3.4213,-5.1118,3983.6882
12/23/24,0.0062,0.8276,12.8229,-10.4529,-3.8282,3933.5718
12/20/24,0.0058,0.7802,12.7308,-10.8074,-8.2559,3927.7441
12/19/24,0.0056,0.7521,12.7883,-9.5359,0.6635,3945.4635
12/18/24,0.0048,0.6456,12.8154,-10.6109,1.6900,3941.8900
12/17/24,0.0054,0.7174,12.7411,-11.0384,-0.3666,3922.0334
12/16/24,0.0058,0.7695,12.7218,-7.1199,0.4416,3911.8416
12/13/24,0.0075,0.9998,12.6559,1.3965,-1.8192,3933.1808
12/12/24,0.0058,0.7743,12.9098,10.0897,-10.2952,4028.5048
12/11/24,0.0055,0.7283,12.7799,3.2768,-5.1692,3988.8308
12/10/24,0.0086,1.1392,12.8242,-0.1783,-4.7631,3995.6369
12/9/24,0.0054,0.7254,12.7440,-7.4402,3.1708,3966.5708
12/6/24,0.0062,0.8283,12.7389,-12.8643,5.1405,3973.1405
12/5/24,0.0046,0.6140,12.5992,-22.1862,2.9881,3921.5881
12/4/24,0.0056,0.7414,12.6382,-25.1583,5.7568,3930.5568
12/3/24,0.0058,0.7759,12.6425,-30.1561,6.2912,3951.8912
12/2/24,0.0066,0.8773,12.5764,-40.5773,5.6320,3947.6320
11/29/24,0.0068,0.9012,12.4999,-53.6775,5.5832,3916.5832
11/28/24,0.0052,0.6937,12.4066,-64.6486,0.1505,3872.5505
11/27/24,0.0058,0.7705,12.4996,-68.8563,5.6447,3907.0447
11/26/24,0.0048,0.6452,12.3157,-78.1477,4.1847,3840.1847
11/25/24,0.0064,0.8517,12.3029,-74.3835,9.0909,3848.0909
11/22/24,0.0073,0.9666,12.3371,-65.6139,4.8989,3865.6989
11/21/24,0.0058,0.7657,12.6788,-51.8379,0.0979,3989.2979
11/20/24,0.0062,0.8214,12.6760,-53.0491,5.7727,3985.7727
11/19/24,0.0072,0.9534,12.6549,-52.3714,3.6912,3976.8912
11/18/24,0.0084,1.1220,12.6243,-47.8392,-4.2194,3950.3806
11/15/24,0.0085,1.1275,12.6125,-34.1368,-6.3692,3968.8308
11/14/24,0.0082,1.0888,12.7666,-16.2793,-2.1809,4039.6191
11/13/24,0.0089,1.1868,12.9271,-4.0682,-1.9099,4110.8901
11/12/24,0.0116,1.5388,12.8268,-2.0445,1.9430,4085.7430
11/11/24,0.0109,1.4412,12.9792,3.1758,-2.0688,4131.1312
11/8/24,0.0119,1.5884,12.9757,-1.3113,-8.1530,4104.0470
11/7/24,0.0113,1.5042,13.1042,-6.1413,-38.1048,4145.6952
11/6/24,0.0113,1.5025,12.7523,-25.1156,-16.5169,4024.2831
11/5/24,0.0102,1.3590,12.8270,-31.8871,-23.4275,4044.5725
11/4/24,0.0068,0.9108,12.5632,-47.5699,-14.2381,3944.7619
11/1/24,0.0086,1.1509,12.4445,-51.8178,-14.9797,3890.0203
10/31/24,0.0094,1.2496,12.3910,-46.8175,-1.9604,3891.0396
10/30/24,0.0070,0.9322,12.6339,-39.0236,-6.5513,3889.4487
10/29/24,0.0077,1.0301,12.8074,-27.0630,-15.3510,3924.6490
10/28/24,0.0070,0.9272,12.8785,-17.0891,-8.0431,3964.1569
10/25/24,0.0073,0.9800,12.8649,-12.0946,-1.5790,3956.4210
10/24/24,0.0061,0.8122,12.8262,-5.9039,-8.1666,3928.8334
10/23/24,0.0083,1.1087,12.9479,5.6763,-9.5911,3973.2089
10/22/24,0.0079,1.0508,12.9226,10.2106,-11.0245,3957.7755
10/21/24,0.0107,1.4315,12.9631,15.3243,-7.2026,3935.1974
10/18/24,0.0110,1.4794,12.9990,22.4268,-9.1660,3925.2340
10/17/24,0.0068,0.9060,12.6465,29.5953,3.8217,3788.2217
10/16/24,0.0068,0.9153,12.7853,62.2226,-0.4110,3831.5890
10/15/24,0.0078,1.0499,12.8142,96.1155,3.7949,3855.9949
10/14/24,0.0094,1.2556,13.1862,133.2803,-1.8576,3961.3424
10/11/24,0.0087,1.1620,12.9238,156.4238,-17.2330,3887.1670
10/10/24,0.0126,1.6802,13.2012,192.3033,-13.0121,3997.7879
10/9/24,0.0183,2.4491,12.9729,208.4394,21.9839,3955.9839
10/8/24,0.0189,2.5046,13.8700,223.4645,-5.1038,4256.0962
9/30/24,0.0150,2.0007,13.2601,166.5921,-142.7455,4017.8545
9/27/24,0.0088,1.1670,12.3262,110.2080,-124.1151,3703.6849
9/26/24,0.0072,0.9650,12.0122,75.3863,-42.6796,3545.3204
9/25/24,0.0071,0.9552,11.6177,46.5517,-3.0670,3401.5330
9/24/24,0.0062,0.8352,11.4728,26.9868,-7.8910,3351.9090
9/23/24,0.0030,0.4074,11.0048,4.8417,5.9639,3212.7639
9/20/24,0.0035,0.4671,10.9415,-1.2399,7.4497,3201.0497
9/19/24,0.0039,0.5191,10.9042,-7.1162,-2.3643,3196.0357
9/18/24,0.0026,0.3540,10.8654,-13.5426,-0.5898,3171.0102
9/13/24,0.0029,0.3966,10.7809,-16.2596,1.2470,3159.2470
9/12/24,0.0029,0.3921,10.7979,-15.5815,-2.3253,3172.4747
9/11/24,0.0030,0.4058,10.8236,-14.6914,3.1299,3186.1299
9/10/24,0.0028,0.3802,10.9320,-13.6813,7.5552,3195.7552
9/9/24,0.0031,0.4181,10.8833,-11.7969,3.7516,3192.9516
9/6/24,0.0026,0.3427,11.0204,-6.1940,4.7457,3231.3457
9/5/24,0.0028,0.3769,11.0846,-3.5592,3.7578,3257.7578
9/4/24,0.0029,0.3920,11.1002,-3.4630,2.1649,3252.1649
9/3/24,0.0032,0.4306,11.1987,-0.9205,6.4282,3273.4282
9/2/24,0.0040,0.5374,11.2591,-0.1692,5.2110,3265.0110
8/30/24,0.0055,0.7340,11.2640,3.7023,-0.9677,3321.4323
8/29/24,0.0036,0.4805,11.2722,-0.9762,2.4812,3277.6812
8/28/24,0.0027,0.3713,11.4297,1.5080,5.0956,3286.4956
8/27/24,0.0026,0.3519,11.4969,4.5040,1.1338,3305.3338
8/26/24,0.0028,0.3769,11.4903,6.0306,3.4231,3324.2231
8/23/24,0.0027,0.3593,11.5069,5.0909,5.3905,3327.1905
8/22/24,0.0030,0.4015,11.4826,3.5592,11.3357,3313.1357
8/21/24,0.0026,0.3535,11.4715,4.6960,9.2350,3321.6350
8/20/24,0.0028,0.3738,11.5127,5.4152,12.7034,3332.7034
8/19/24,0.0029,0.3864,11.5889,4.9021,8.7677,3356.9677
8/16/24,0.0027,0.3683,11.5172,-0.2019,10.4340,3345.6340
8/15/24,0.0030,0.4058,11.4667,-4.9365,2.1530,3341.9530
8/14/24,0.0024,0.3245,11.3528,-10.2451,5.0389,3309.2389
8/13/24,0.0025,0.3420,11.3965,-10.1310,4.3903,3334.3903
8/12/24,0.0024,0.3219,11.3541,-13.1956,0.0645,3325.8645
8/9/24,0.0029,0.3909,11.3643,-14.2545,6.2274,3331.6274
8/8/24,0.0030,0.4086,11.3859,-14.9823,3.5369,3342.9369
8/7/24,0.0030,0.3969,11.3895,-16.3023,8.8890,3341.4890
8/6/24,0.0037,0.4976,11.3771,-15.9135,6.7789,3342.9789
8/5/24,0.0046,0.6112,11.4108,-13.4883,0.5205,3343.3205
8/2/24,0.0036,0.4850,11.5714,-7.8410,4.7919,3384.3919
8/1/24,0.0041,0.5512,11.6668,-5.8685,2.0666,3419.2666
7/31/24,0.0051,0.6880,11.7009,-8.6904,-2.3156,3442.0844
7/30/24,0.0033,0.4478,11.5491,-16.4919,9.7821,3369.3821
7/29/24,0.0033,0.4475,11.6374,-12.1657,8.5420,3390.7420
7/26/24,0.0038,0.5037,11.6398,-8.0667,11.8931,3409.2931
7/25/24,0.0038,0.5094,11.6868,-4.1451,18.6716,3399.2716
7/24/24,0.0037,0.4918,11.7787,4.9544,15.7663,3418.1663
7/23/24,0.0040,0.5379,11.8051,15.6505,10.0779,3439.8779
7/22/24,0.0042,0.5675,11.9624,27.4437,22.5249,3514.9249
7/19/24,0.0044,0.5899,12.0846,29.1969,28.8156,3539.0156
7/18/24,0.0042,0.5595,12.0645,25.2615,5.7310,3520.9310
7/17/24,0.0043,0.5808,11.9800,21.2739,8.3836,3501.5836
7/16/24,0.0039,0.5217,12.0276,17.8854,12.4827,3498.2827
7/15/24,0.0033,0.4479,11.9969,12.5460,15.2467,3476.2467
7/12/24,0.0040,0.5378,11.9195,8.4207,10.8014,3472.4014
7/11/24,0.0046,0.6241,11.9041,2.9189,12.3690,3468.1690
7/10/24,0.0039,0.5248,11.8333,-4.2097,16.5657,3428.9657
7/9/24,0.0042,0.5670,11.8951,-6.2053,21.6111,3439.8111
7/8/24,0.0035,0.4731,11.7866,-10.0517,22.5604,3401.7604
7/5/24,0.0036,0.4808,11.8224,-6.5948,26.2605,3431.0605
7/4/24,0.0031,0.4196,11.9187,-5.5266,26.8128,3445.8128
7/3/24,0.0032,0.4278,11.9453,-5.4203,25.2141,3463.4141
7/2/24,0.0036,0.4865,11.9876,-7.4578,27.1857,3471.7857
7/1/24,0.0037,0.4925,11.9388,-10.8855,29.5827,3478.1827
6/28/24,0.0040,0.5411,11.8432,-15.8694,26.2570,3461.6570
6/27/24,0.0034,0.4619,11.7583,-18.2912,24.1175,3454.1175
6/26/24,0.0034,0.4527,11.7940,-18.3102,33.0648,3480.2648
6/25/24,0.0038,0.5057,11.7510,-21.4204,30.1023,3457.9023
6/24/24,0.0039,0.5168,11.7917,-19.3907,26.8102,3476.8102
6/21/24,0.0036,0.4807,11.8272,-17.8122,32.6198,3495.6198
6/20/24,0.0037,0.4890,11.8560,-17.1361,-1.7183,3503.2817
6/19/24,0.0036,0.4828,11.8811,-15.7512,1.1490,3528.7490
6/18/24,0.0041,0.5442,11.8825,-17.0391,8.3902,3545.5902
6/17/24,0.0046,0.6072,11.8401,-20.7844,8.5986,3536.1986
6/14/24,0.0056,0.7436,11.9442,-22.8573,7.9331,3541.5331
6/13/24,0.0042,0.5650,11.9144,-25.1627,8.5306,3526.1306
6/12/24,0.0039,0.5263,11.9426,-23.5068,12.9225,3544.1225
6/11/24,0.0043,0.5754,11.9223,-22.5609,6.2771,3542.8771
6/7/24,0.0042,0.5539,12.0413,-18.9950,15.3143,3574.1143
6/6/24,0.0044,0.5870,12.0684,-18.2440,7.8454,3592.2454
6/5/24,0.0036,0.4734,12.0565,-19.4469,10.7936,3594.7936
6/4/24,0.0038,0.5050,12.1187,-20.5599,18.0714,3615.6714
6/3/24,0.0043,0.5775,12.0641,-25.2395,16.1483,3588.7483
5/31/24,0.0035,0.4701,12.0168,-25.5589,8.1247,3579.9247
5/30/24,0.0038,0.5002,12.0575,-22.6725,8.3121,3594.3121
5/29/24,0.0035,0.4608,12.1336,-19.7324,17.3223,3613.5223
5/28/24,0.0036,0.4748,12.1147,-18.0170,12.7724,3609.1724
5/27/24,0.0040,0.5283,12.1654,-13.6731,18.3079,3635.7079
5/24/24,0.0038,0.5066,12.0271,-11.8539,12.4754,3601.4754
5/23/24,0.0041,0.5500,12.1362,-1.8898,12.5917,3641.7917
5/22/24,0.0044,0.5868,12.2573,5.0116,18.0510,3684.4510
5/21/24,0.0038,0.5002,12.2463,5.9654,13.9611,3676.1611
5/20/24,0.0054,0.7104,12.2775,7.7437,15.9623,3690.9623
5/17/24,0.0048,0.6317,12.2152,6.0084,8.9696,3677.9696
5/16/24,0.0047,0.6187,12.1124,4.5001,17.3592,3640.3592
5/15/24,0.0037,0.4949,12.0729,8.5153,-3.5441,3626.0559
5/14/24,0.0041,0.5507,12.1641,16.2773,1.4454,3657.0454
5/13/24,0.0048,0.6390,12.2005,20.1756,3.0907,3664.6907
5/10/24,0.0045,0.5980,12.2080,22.3965,1.2771,3666.2771
5/9/24,0.0045,0.5960,12.1823,23.0625,0.9610,3664.5610
5/8/24,0.0039,0.5152,12.1218,21.9461,1.6233,3630.2233
5/7/24,0.0048,0.6338,12.1822,24.8061,1.0076,3659.0076
5/6/24,0.0064,0.8554,12.1571,20.9970,1.6767,3657.8767
4/30/24,0.0056,0.7435,12.0681,13.0481,-5.8057,3604.3943
4/29/24,0.0070,0.9276,11.9441,9.8964,-7.6876,3623.9124
4/26/24,0.0060,0.8013,11.8422,-0.1564,-3.3314,3584.2686
4/25/24,0.0036,0.4862,11.7190,-8.2951,-3.1187,3530.2813
4/24/24,0.0039,0.5162,11.6887,-9.7789,-1.9781,3521.6219
4/23/24,0.0042,0.5664,11.6524,-9.7818,-3.3751,3506.2249
4/22/24,0.0045,0.6054,11.7383,-6.0851,-4.6955,3530.9045
4/19/24,0.0044,0.5937,11.8306,-4.9918,-0.3381,3541.6619
4/18/24,0.0051,0.6827,11.8561,-5.3304,0.8018,3569.8018
4/17/24,0.0048,0.6406,11.8563,-11.4834,2.0030,3565.4030
4/16/24,0.0050,0.6714,11.7005,-19.7914,-2.8854,3511.1146
4/15/24,0.0053,0.7040,11.7879,-20.7253,2.6759,3549.0759
4/12/24,0.0042,0.5617,11.5161,-28.6734,3.4389,3475.8389
4/11/24,0.0040,0.5359,11.5956,-24.5790,-4.5553,3504.2447
4/10/24,0.0040,0.5345,11.6081,-22.4162,-3.8914,3504.7086
4/9/24,0.0039,0.5214,11.6717,-17.9154,-2.9129,3533.4871
4/8/24,0.0048,0.6455,11.7064,-15.9082,-5.3923,3536.4077
4/3/24,0.0042,0.5653,11.7520,-12.8470,-6.7969,3567.8031
4/2/24,0.0043,0.5799,11.7825,-14.2164,-8.9241,3580.6759
4/1/24,0.0050,0.6622,11.7750,-18.8151,-4.7534,3595.6466
3/29/24,0.0040,0.5376,11.6589,-28.6602,-1.7157,3537.4843
3/28/24,0.0047,0.6244,11.5128,-31.2281,-0.8352,3520.9648
3/27/24,0.0043,0.5826,11.4909,-30.5552,-2.0134,3502.7866
3/26/24,0.0045,0.6049,11.5832,-24.5435,0.9467,3543.7467
3/25/24,0.0047,0.6267,11.5280,-22.6709,-6.2366,3525.7634
3/22/24,0.0050,0.6656,11.5488,-15.6448,4.8023,3545.0023
3/21/24,0.0046,0.6183,11.5937,-8.6464,-3.1098,3581.0902
3/20/24,0.0044,0.5931,11.6085,-5.7653,0.3838,3585.3838
3/19/24,0.0052,0.6907,11.5475,-3.2513,-4.7697,3577.6303
3/18/24,0.0058,0.7811,11.6189,0.8990,-4.2720,3603.5280
3/15/24,0.0049,0.6506,11.5280,0.4486,-4.0070,3569.9930
3/14/24,0.0053,0.7050,11.5129,4.8013,-3.7771,3562.2229
3/13/24,0.0053,0.7121,11.5102,11.2083,-5.4390,3572.3610
3/12/24,0.0067,0.9010,11.5955,16.7276,-0.9061,3597.4939
3/11/24,0.0056,0.7569,11.6835,17.3562,-0.9365,3589.2635
3/8/24,0.0045,0.6003,11.6272,16.9842,3.9099,3544.9099
3/7/24,0.0050,0.6736,11.5454,22.4660,3.7195,3529.7195
3/6/24,0.0049,0.6620,11.5684,30.9519,5.8481,3551.0481
3/5/24,0.0059,0.7948,11.6278,36.1660,19.9143,3565.5143
3/4/24,0.0059,0.7960,11.5256,37.2341,9.8686,3540.8686
3/1/24,0.0058,0.7739,11.4765,39.6942,-2.1962,3537.8038
2/29/24,0.0057,0.7596,11.4357,39.9101,0.6826,3516.0826
2/28/24,0.0067,0.8981,11.2743,40.4709,-6.5402,3450.2598
2/27/24,0.0049,0.6620,11.3801,50.6608,-2.6126,3494.7874
2/26/24,0.0049,0.6533,11.2692,53.0373,7.9585,3453.3585
2/23/24,0.0047,0.6277,11.4393,60.4370,2.7416,3489.7416
2/22/24,0.0045,0.6073,11.4399,59.5798,2.6747,3486.6747
2/21/24,0.0059,0.7957,11.3214,53.8737,1.8713,3456.8713
2/20/24,0.0045,0.6031,11.1997,46.5702,23.8542,3410.8542
2/19/24,0.0055,0.7416,11.1588,40.8262,30.8078,3403.8078
2/8/24,0.0057,0.7609,10.9530,30.2845,11.3297,3364.9297
2/7/24,0.0063,0.8420,10.9244,19.6004,27.0303,3343.6303
2/6/24,0.0060,0.8109,10.8724,6.1130,8.6922,3311.6922
2/5/24,0.0061,0.8186,10.6124,-8.4809,29.2218,3200.4218
2/2/24,0.0051,0.6930,10.5032,-7.4427,14.2276,3179.6276
2/1/24,0.0044,0.5975,10.5632,-0.0060,4.1109,3217.7109
1/31/24,0.0047,0.6300,10.6060,5.0007,3.3518,3215.3518
1/30/24,0.0043,0.5804,10.6516,13.9470,7.6387,3245.0387
1/29/24,0.0052,0.7006,10.8169,21.9231,9.9604,3303.9604
1/26/24,0.0050,0.6784,10.8529,21.7817,6.2213,3333.8213
1/25/24,0.0056,0.7582,10.8137,14.6984,8.7189,3342.9189
1/24/24,0.0048,0.6406,10.5458,1.4395,13.1089,3277.1089
1/23/24,0.0043,0.5764,10.3605,-5.2559,19.7329,3231.9329
1/22/24,0.0050,0.6729,10.3352,-5.1163,39.9016,3218.9016
1/19/24,0.0042,0.5628,10.4689,-0.6483,27.7763,3269.7763
1/18/24,0.0056,0.7545,10.4907,-2.6806,25.5286,3274.7286
1/17/24,0.0038,0.5154,10.3834,-5.5644,6.6820,3229.0820
1/16/24,0.0038,0.5113,10.5810,0.7282,-0.5238,3300.8762
1/15/24,0.0032,0.4227,10.5209,-2.8003,0.7195,3280.9195
1/12/24,0.0034,0.4588,10.5016,-3.0163,-2.2333,3284.1667
1/11/24,0.0040,0.5297,10.5120,-2.6648,-1.9283,3295.6717
1/10/24,0.0035,0.4682,10.5125,-3.1297,-1.0710,3277.1290
1/9/24,0.0037,0.5022,10.5801,1.2509,0.0994,3292.4994
1/8/24,0.0037,0.4986,10.5719,6.0785,6.4564,3286.0564
1/5/24,0.0039,0.5262,10.6826,15.6621,-5.0886,3329.1114
1/4/24,0.0035,0.4757,10.7333,21.9747,-3.1481,3347.0519
1/3/24,0.0035,0.4715,10.7808,27.7116,-4.7029,3378.2971
1/2/24,0.0039,0.5263,10.7659,29.4208,-1.8478,3386.3522
12/29/23,0.0041,0.5484,10.8547,29.3844,-8.2901,3431.1099
12/28/23,0.0052,0.6994,10.8043,19.1988,-17.6597,3414.5403
12/27/23,0.0030,0.4081,10.6461,6.2679,-5.8428,3336.3572
12/26/23,0.0026,0.3538,10.5868,2.6551,-8.6098,3324.7902
12/25/23,0.0026,0.3525,10.6241,0.6682,-8.7492,3347.4508
12/22/23,0.0036,0.4863,10.5838,-5.5186,-10.7719,3337.2281
12/21/23,0.0037,0.4986,10.5467,-11.1901,-11.5302,3330.8698
12/20/23,0.0031,0.4149,10.4831,-16.3722,-12.0978,3297.5022
12/19/23,0.0029,0.3936,10.5777,-14.8806,-7.7588,3334.0412
12/18/23,0.0031,0.4145,10.5578,-17.1612,-5.6343,3329.3657
12/15/23,0.0036,0.4798,10.5632,-16.9309,-1.0483,3341.5517
12/14/23,0.0033,0.4354,10.6072,-16.2097,-0.4361,3351.9639
12/13/23,0.0036,0.4771,10.6528,-14.4661,1.6050,3369.6050
12/12/23,0.0036,0.4740,10.8076,-12.7680,-0.1970,3426.8030
12/11/23,0.0047,0.6263,10.7648,-19.3924,0.8548,3419.4548
12/8/23,0.0045,0.5881,10.7074,-25.6436,3.8618,3399.4618
12/7/23,0.0036,0.4676,10.6760,-28.2718,3.6823,3391.2823
12/6/23,0.0038,0.4995,10.6859,-27.3990,8.1980,3399.5980
12/5/23,0.0037,0.4774,10.7104,-24.4753,14.2571,3394.2571
12/4/23,0.0036,0.4683,10.8927,-15.8426,1.7380,3460.1380
12/1/23,0.0038,0.4979,10.9478,-13.4157,-1.1187,3482.8813
11/30/23,0.0033,0.4335,10.9698,-12.3664,-6.3972,3496.2028
11/29/23,0.0034,0.4423,10.9145,-11.7326,-9.0927,3488.3073
11/28/23,0.0032,0.4159,10.9952,-7.5394,-4.6768,3518.5232
11/27/23,0.0034,0.4396,10.9883,-5.8213,-5.2576,3511.9424
11/24/23,0.0030,0.3923,11.0705,-0.7303,-4.3913,3538.0087
11/23/23,0.0030,0.3941,11.1223,2.6471,-10.0796,3561.5204
11/22/23,0.0029,0.3805,11.0789,3.5254,-4.1838,3544.4162
11/21/23,0.0037,0.4878,11.1606,8.6237,-7.9326,3581.0674
11/20/23,0.0034,0.4374,11.1450,9.0946,-5.6767,3576.3233
11/17/23,0.0030,0.3889,11.1220,10.6043,-2.9315,3568.0685
11/16/23,0.0031,0.4077,11.1498,14.3930,-4.6359,3572.3641
11/15/23,0.0040,0.5212,11.2285,18.9839,-2.7546,3607.2454
11/14/23,0.0035,0.4609,11.1622,18.2944,-2.9416,3582.0584
11/13/23,0.0035,0.4581,11.1514,21.5393,-6.1859,3579.4141
11/10/23,0.0036,0.4634,11.1631,26.2659,-1.3107,3586.4893
11/9/23,0.0040,0.5223,11.2253,31.0601,-5.1737,3612.8263
11/8/23,0.0041,0.5328,11.1929,31.7346,-2.5277,3611.0723
11/7/23,0.0040,0.5253,11.2233,31.6128,-6.2407,3619.7593
11/6/23,0.0054,0.7001,11.2493,28.2203,-5.3916,3632.6084
11/3/23,0.0035,0.4600,11.1842,19.1606,-3.8636,3584.1364
11/2/23,0.0032,0.4170,11.1283,14.4065,-5.0111,3554.1889
11/1/23,0.0039,0.5089,11.1542,13.2171,-5.9732,3571.0268
10/31/23,0.0042,0.5468,11.1363,8.3394,-8.0944,3572.5056
10/30/23,0.0052,0.6762,11.1021,1.1611,-4.4282,3583.7718
10/27/23,0.0048,0.6252,11.1363,-11.0503,-10.6149,3562.3851
10/26/23,0.0038,0.4958,11.0594,-23.6168,-5.0552,3514.1448
10/25/23,0.0044,0.5764,10.9688,-30.2705,-1.3424,3504.4576
10/24/23,0.0040,0.5289,11.0080,-34.8711,1.9302,3487.1302
10/23/23,0.0033,0.4322,11.0034,-34.3653,3.4438,3474.2438
10/20/23,0.0036,0.4776,11.1128,-26.7861,-11.0111,3510.5889
10/19/23,0.0040,0.5290,11.2030,-18.7057,-3.0555,3533.5445
10/18/23,0.0033,0.4344,11.4517,-7.8722,-2.6233,3610.5767
10/17/23,0.0030,0.3994,11.5150,-4.6325,-1.1982,3639.4018
10/16/23,0.0033,0.4351,11.4473,-3.9912,-2.2028,3626.5972
10/13/23,0.0035,0.4609,11.5179,0.9114,-7.5896,3663.4104
10/12/23,0.0040,0.5227,11.5850,2.0841,-7.6176,3702.3824
10/11/23,0.0039,0.5093,11.4513,-3.2283,-3.4517,3667.5483
10/10/23,0.0034,0.4403,11.4268,-3.4061,-6.0741,3657.1259
10/9/23,0.0037,0.4806,11.5147,-0.3598,-5.8728,3684.7272
9/28/23,0.0032,0.4136,11.5219,-0.1797,-11.4828,3689.5172
9/27/23,0.0034,0.4431,11.5413,0.0563,-21.1050,3700.4950
9/26/23,0.0028,0.3705,11.5462,-0.8990,-19.7072,3692.8928
9/25/23,0.0032,0.4167,11.6159,0.1088,-16.7963,3714.6037
9/22/23,0.0039,0.5114,11.6812,-1.8081,-24.2673,3738.9327
9/21/23,0.0028,0.3651,11.5074,-8.7639,-11.5552,3672.4448
9/20/23,0.0024,0.3155,11.5985,-4.6900,-14.5102,3705.6898
9/19/23,0.0028,0.3612,11.6347,-3.7007,-15.8979,3720.5021
9/18/23,0.0032,0.4196,11.6158,-3.9788,-16.0890,3727.7110
9/15/23,0.0037,0.4847,11.5886,-4.7210,-17.8234,3708.7766
9/14/23,0.0031,0.4042,11.6642,-0.8322,-4.0923,3733.5077
9/13/23,0.0028,0.3692,11.6320,1.2108,-2.9487,3736.6513
9/12/23,0.0029,0.3728,11.6693,4.5309,-5.9952,3760.6048
9/11/23,0.0038,0.4961,11.6870,5.3779,-2.4630,3767.5370
9/8/23,0.0026,0.3453,11.6143,5.6906,0.5927,3739.9927
9/7/23,0.0034,0.4372,11.6587,12.1653,-2.7252,3758.4748
9/6/23,0.0034,0.4367,11.7798,18.5774,-5.1717,3812.0283
9/5/23,0.0037,0.4764,11.7942,17.2560,-5.8826,3820.3174
9/4/23,0.0048,0.6203,11.8871,12.9916,-8.0483,3848.9517
9/1/23,0.0035,0.4558,11.7085,0.3082,-5.3088,3791.4912
8/31/23,0.0040,0.5158,11.6530,-7.1674,-11.5322,3765.2678
8/30/23,0.0046,0.6010,11.6959,-12.0686,-5.4903,3788.5097
8/29/23,0.0053,0.6940,11.6255,-22.5518,-6.2933,3790.1067
8/28/23,0.0068,0.8930,11.5806,-36.7002,-4.5806,3752.6194
8/25/23,0.0036,0.4736,11.3604,-47.6357,-11.4483,3709.1517
8/24/23,0.0041,0.5280,11.3929,-51.4465,-6.5707,3723.4293
8/23/23,0.0033,0.4336,11.3510,-55.5035,-8.3661,3696.6339
8/22/23,0.0042,0.5424,11.4890,-51.4373,-2.7729,3758.2271
8/21/23,0.0036,0.4668,11.3512,-52.9518,-5.2450,3729.5550
8/18/23,0.0034,0.4471,11.4913,-45.0491,-5.3962,3784.0038
8/17/23,0.0035,0.4575,11.5934,-39.9018,-15.4992,3831.1008
8/16/23,0.0034,0.4460,11.5757,-38.2478,-2.8662,3818.3338
8/15/23,0.0036,0.4640,11.6709,-30.2600,-4.8643,3846.5357
8/14/23,0.0040,0.5172,11.6561,-21.3169,-0.8939,3855.9061
8/11/23,0.0041,0.5290,11.7325,-7.8728,2.0538,3884.2538
8/10/23,0.0034,0.4464,11.9889,7.6858,-3.4834,3975.7166
8/9/23,0.0034,0.4441,11.9485,12.4357,-15.4348,3967.5652
8/8/23,0.0040,0.5145,11.9883,19.8566,-8.6678,3979.7322
8/7/23,0.0044,0.5753,12.0090,26.8259,-15.4469,3990.1531
8/4/23,0.0061,0.7967,12.0927,32.9196,-7.0208,4020.5792
8/3/23,0.0044,0.5682,12.0198,33.1305,-4.4161,4004.9839
8/2/23,0.0040,0.5221,11.9380,33.4293,-6.9050,3969.8950
8/1/23,0.0050,0.6444,12.0734,37.9335,-10.5990,3998.0010
7/31/23,0.0071,0.9223,12.0958,36.0231,-9.9699,4014.6301
7/28/23,0.0060,0.7833,12.0466,26.5136,-16.4624,3992.7376
7/27/23,0.0039,0.5084,11.7817,13.6505,-8.0542,3902.3458
7/26/23,0.0038,0.4986,11.7732,10.5583,-8.1872,3907.0128
7/25/23,0.0059,0.7728,11.8395,4.0059,-11.2847,3915.1153
7/24/23,0.0031,0.4012,11.5380,-8.1803,-6.7790,3805.2210
7/21/23,0.0032,0.4148,11.5704,-4.2928,-12.0900,3821.9100
7/20/23,0.0035,0.4599,11.5768,-0.8921,-1.1054,3823.6946
7/19/23,0.0030,0.3961,11.6595,4.4668,-3.9337,3850.8663
7/18/23,0.0034,0.4374,11.6590,7.3288,-0.8607,3854.9393
7/17/23,0.0035,0.4548,11.7150,10.6877,7.1749,3867.1749
7/14/23,0.0044,0.5671,11.8492,12.9229,4.3027,3899.1027
7/13/23,0.0047,0.6067,11.8438,9.2071,1.4229,3898.4229
7/12/23,0.0043,0.5607,11.6661,2.9948,11.2369,3843.4369
7/11/23,0.0036,0.4626,11.7505,4.4111,16.2861,3869.4861
7/10/23,0.0037,0.4857,11.6827,1.3892,18.9269,3844.3269
7/7/23,0.0035,0.4574,11.6472,1.9830,19.4988,3825.6988
7/6/23,0.0037,0.4842,11.6930,6.9710,21.7547,3842.7547
7/5/23,0.0038,0.4904,11.7691,11.2932,19.2054,3868.8054
7/4/23,0.0043,0.5588,11.8602,12.3852,18.2133,3899.0133
7/3/23,0.0051,0.6636,11.8622,7.4269,21.0821,3892.8821
6/30/23,0.0042,0.5467,11.6818,0.6753,15.0516,3842.4516
6/29/23,0.0041,0.5389,11.6223,0.6750,16.4435,3821.8435
6/28/23,0.0041,0.5416,11.6759,5.3759,18.7986,3840.7986
6/27/23,0.0042,0.5515,11.6913,9.1301,28.4334,3845.4334
6/26/23,0.0050,0.6575,11.5597,13.9954,16.8962,3809.6962
6/21/23,0.0049,0.6372,11.7164,28.4810,30.2323,3864.0323
6/20/23,0.0053,0.6878,11.8632,38.8127,31.2377,3924.2377
6/19/23,0.0053,0.6903,11.9224,40.5610,29.5079,3930.9079
6/16/23,0.0055,0.7159,12.0173,39.5117,32.1509,3963.3509
6/15/23,0.0056,0.7276,11.9450,28.9858,1.2994,3925.4994
6/14/23,0.0049,0.6359,11.8056,18.6791,3.4247,3864.0247
6/13/23,0.0045,0.5871,11.8440,14.5000,2.3074,3864.9074
6/12/23,0.0048,0.6295,11.8151,7.8165,10.8324,3844.4324
6/9/23,0.0049,0.6552,11.9046,2.0982,3.9026,3836.7026
6/8/23,0.0040,0.5293,11.8350,-4.1689,9.1867,3820.1867
6/7/23,0.0039,0.5098,11.7148,-8.9907,7.5418,3789.3418
6/6/23,0.0045,0.5941,11.7536,-8.2003,14.1629,3808.1629
6/5/23,0.0042,0.5604,11.8353,-8.6688,10.4492,3844.2492
6/2/23,0.0047,0.6169,11.8477,-14.6521,11.4337,3861.8337
6/1/23,0.0049,0.6489,11.7242,-25.1975,8.8679,3806.8679
5/31/23,0.0048,0.6335,11.6898,-27.4189,7.9434,3798.5434
5/30/23,0.0049,0.6508,11.7950,-25.7636,12.1531,3837.7531
5/29/23,0.0046,0.6123,11.7807,-27.8408,8.9416,3833.9416
5/26/23,0.0039,0.5104,11.7559,-27.0325,9.9511,3850.9511
5/25/23,0.0043,0.5688,11.7310,-26.0293,17.4996,3850.4996
5/24/23,0.0043,0.5638,11.7516,-21.3415,11.6935,3859.0935
5/23/23,0.0038,0.4976,11.9563,-13.1039,16.9882,3913.1882
5/22/23,0.0039,0.5212,12.1703,-9.2349,11.7277,3969.3277
5/19/23,0.0041,0.5366,12.1037,-13.1234,6.7403,3944.5403
5/18/23,0.0045,0.5911,12.1600,-12.6174,2.2701,3956.0701
5/17/23,0.0040,0.5309,12.1066,-12.5857,-0.0350,3960.1650
5/16/23,0.0046,0.6049,12.1882,-11.8452,-7.9946,3978.2054
5/15/23,0.0054,0.7162,12.2625,-12.9213,-2.1128,3998.8872
5/12/23,0.0045,0.5952,12.0865,-17.3869,0.3622,3937.7622
5/11/23,0.0047,0.6191,12.2399,-10.2747,0.4637,3990.6637
5/10/23,0.0060,0.7924,12.2948,-8.5688,-0.9305,3996.8695
5/9/23,0.0076,1.0016,12.4761,-6.1594,1.0754,4027.8754
5/8/23,0.0068,0.9006,12.6148,-7.9106,4.6624,4062.6624
5/5/23,0.0059,0.7852,12.3367,-16.9457,-0.9226,4016.8774
5/4/23,0.0066,0.8793,12.3664,-20.4675,-3.3529,4030.2471
4/28/23,0.0064,0.8434,12.2121,-27.0064,-2.5142,4029.0858
4/27/23,0.0060,0.7899,12.1631,-34.9274,-9.5815,3988.4185
4/26/23,0.0064,0.8410,12.1236,-36.4442,-5.3677,3959.2323
4/25/23,0.0065,0.8621,12.2025,-30.0817,-7.5342,3962.6658
4/24/23,0.0065,0.8546,12.2417,-18.4552,-8.3571,3982.6429
4/21/23,0.0068,0.8969,12.3301,-2.8810,-5.6328,4032.5672
4/20/23,0.0064,0.8414,12.5671,11.5236,7.8192,4113.0192
4/19/23,0.0060,0.7900,12.5663,16.6303,-0.6411,4124.5589
4/18/23,0.0063,0.8317,12.6796,20.5507,0.6320,4162.0320
4/17/23,0.0065,0.8617,12.5633,17.0298,-4.2164,4149.3836
4/14/23,0.0060,0.7850,12.3418,12.2125,-3.0012,4091.9988
4/13/23,0.0059,0.7736,12.2607,14.9015,-4.8214,4068.9786
4/12/23,0.0063,0.8342,12.3224,22.3884,0.0876,4097.2876
4/11/23,0.0063,0.8325,12.2746,26.5053,-2.0521,4100.1479
4/10/23,0.0067,0.8746,12.3063,30.1651,-7.5882,4104.8118
4/7/23,0.0056,0.7338,12.3289,32.5185,-4.9201,4123.2799
4/6/23,0.0064,0.8459,12.2805,29.8896,-1.3600,4096.6400
4/4/23,0.0077,1.0129,12.2979,28.8353,-8.6948,4103.1052
4/3/23,0.0075,0.9890,12.1846,23.7486,-0.6324,4090.5676
3/31/23,0.0056,0.7280,12.0614,16.6285,-12.8743,4050.9257
3/30/23,0.0056,0.7299,11.9908,12.4653,-14.2743,4038.5257
3/29/23,0.0053,0.6948,11.9327,7.8811,-2.8560,4006.1440
3/28/23,0.0050,0.6558,11.9157,7.1228,-9.8853,3999.5147
3/27/23,0.0063,0.8311,11.9057,7.3167,-6.5229,4012.4771
3/24/23,0.0059,0.7756,11.9779,5.0496,-13.5543,4027.0457
3/23/23,0.0059,0.7735,12.0533,-1.2545,-5.5105,4039.0895
3/22/23,0.0053,0.6994,11.9395,-12.9399,-3.7573,3999.4427
3/21/23,0.0051,0.6668,11.8965,-21.7119,-6.2218,3982.3782
3/20/23,0.0065,0.8536,11.8185,-29.7478,-6.5230,3939.0770
3/17/23,0.0061,0.8127,11.9138,-30.6733,-5.1806,3958.8194
3/16/23,0.0050,0.6593,11.8305,-33.1232,-1.8495,3939.1505
3/15/23,0.0047,0.6153,11.8981,-29.8865,0.5020,3986.9020
3/14/23,0.0054,0.7099,11.8570,-31.6973,-4.1044,3984.6956
3/13/23,0.0049,0.6409,11.9290,-31.3452,-1.3140,4008.6860
3/10/23,0.0044,0.5835,11.7507,-33.0215,1.5352,3967.1352
3/9/23,0.0040,0.5323,11.9317,-24.5613,-3.1495,4019.8505
3/8/23,0.0038,0.5041,11.9558,-19.9526,-0.6923,4034.1077
3/7/23,0.0054,0.7140,11.9826,-14.1319,1.6519,4048.8519
3/6/23,0.0056,0.7338,12.1097,-7.0361,6.0102,4109.0102
3/3/23,0.0045,0.5852,12.1577,-7.7989,-3.8487,4130.5513
3/2/23,0.0047,0.6116,12.0735,-13.1974,-8.8623,4117.7377
3/1/23,0.0051,0.6623,12.0770,-18.5731,-6.2585,4126.9415
2/28/23,0.0040,0.5224,11.9036,-27.9942,-9.7413,4069.4587
2/27/23,0.0038,0.4968,11.8375,-29.5696,-7.5556,4043.8444
2/24/23,0.0039,0.5047,11.8666,-25.0870,-6.5543,4061.0457
2/23/23,0.0039,0.5155,11.9775,-20.1404,-4.5537,4103.6463
2/22/23,0.0038,0.5004,11.9917,-20.1307,-2.8494,4106.9506
2/21/23,0.0049,0.6471,12.0939,-20.0694,-5.0464,4144.3536
2/20/23,0.0056,0.7282,12.0850,-26.9478,-13.3104,4133.4896
2/17/23,0.0046,0.6007,11.7876,-34.5672,-0.0930,4034.5070
2/16/23,0.0057,0.7399,11.9269,-24.8851,3.4876,4093.4876
2/15/23,0.0044,0.5746,11.9822,-20.7021,3.2893,4123.6893
2/14/23,0.0041,0.5329,12.0375,-19.8724,-4.7098,4145.2902
2/13/23,0.0050,0.6562,12.0170,-22.7859,4.5740,4143.5740
2/10/23,0.0039,0.5129,11.9297,-26.7520,-1.2903,4106.3097
2/9/23,0.0042,0.5532,11.9852,-24.9097,-2.9435,4130.8565
2/8/23,0.0035,0.4514,11.8423,-26.6388,-0.2589,4076.1411
2/7/23,0.0037,0.4836,11.8914,-17.8710,-1.9665,4094.2335
2/6/23,0.0046,0.5976,11.8761,-8.0126,0.2779,4086.8779
2/3/23,0.0045,0.5939,12.0006,7.8787,-2.1681,4141.6319
2/2/23,0.0052,0.6809,12.0948,19.3889,-4.4507,4181.1493
2/1/23,0.0052,0.6870,12.1287,26.0781,-2.0668,4195.9332
1/31/23,0.0050,0.6502,12.0251,29.6234,-12.7422,4156.8578
1/30/23,0.0065,0.8525,12.1171,38.9187,-6.6550,4201.3450
1/20/23,0.0044,0.5761,12.0998,39.7018,-10.8733,4181.5267
1/19/23,0.0038,0.5022,12.0089,40.0749,-1.9923,4156.0077
1/18/23,0.0034,0.4507,11.9587,41.0681,-3.0857,4130.3143
1/17/23,0.0041,0.5345,11.9581,43.1487,-9.7578,4137.2422
1/16/23,0.0064,0.8331,11.9830,40.2966,-11.6357,4137.9643
1/13/23,0.0043,0.5629,11.8709,31.2339,-16.4228,4074.3772
1/12/23,0.0038,0.4942,11.7195,26.2626,-6.7308,4017.8692
1/11/23,0.0042,0.5479,11.6946,26.9067,-7.1691,4010.0309
1/10/23,0.0044,0.5794,11.6884,26.6406,-0.5263,4017.4737
1/9/23,0.0048,0.6287,11.6990,21.9308,1.5196,4013.1196
1/6/23,0.0049,0.6399,11.6270,13.0242,-9.9112,3980.8888
1/5/23,0.0053,0.6971,11.5842,3.9232,-5.8218,3968.5782
1/4/23,0.0042,0.5505,11.4139,-8.7358,-5.0523,3892.9477
1/3/23,0.0044,0.5762,11.3759,-13.1044,-6.3008,3887.8992
12/30/22,0.0031,0.4129,11.3197,-18.2854,-7.7662,3871.6338
12/29/22,0.0032,0.4168,11.2738,-22.0926,-11.4993,3856.7007
12/28/22,0.0034,0.4471,11.3418,-23.7275,-13.7356,3871.2644
12/27/22,0.0032,0.4225,11.3731,-27.8466,-12.1460,3887.8540
12/26/22,0.0032,0.4180,11.2387,-36.0837,-9.5113,3843.4887
12/23/22,0.0028,0.3677,11.2116,-37.8905,-17.7812,3828.2188
12/22/22,0.0035,0.4612,11.2292,-35.3429,-18.9720,3836.0280
12/21/22,0.0026,0.3479,11.2049,-30.8987,-15.4616,3830.5384
12/20/22,0.0035,0.4628,11.1940,-21.2208,-22.9827,3829.0173
12/19/22,0.0038,0.5023,11.3550,-4.9227,-17.5793,3893.2207
12/16/22,0.0035,0.4584,11.5448,7.1137,-19.1730,3954.2270
12/15/22,0.0038,0.4993,11.5192,11.9770,-1.4115,3951.9885
12/14/22,0.0041,0.5370,11.5521,17.8942,-5.9143,3954.8857
12/13/22,0.0038,0.5051,11.5343,23.9954,-4.9187,3945.6813
12/12/22,0.0047,0.6245,11.5285,32.4096,-9.7567,3953.4433
12/9/22,0.0055,0.7316,11.6331,40.4423,-6.7558,3998.2442
12/8/22,0.0041,0.5447,11.5452,39.7702,-11.4202,3959.1798
12/7/22,0.0053,0.7030,11.5475,42.4912,0.2409,3958.4409
12/6/22,0.0057,0.7553,11.6107,42.7381,-1.6021,3968.1979
12/5/22,0.0062,0.8173,11.5619,37.0345,-1.1241,3946.8759
12/2/22,0.0043,0.5661,11.2986,28.7983,-12.6522,3870.9478
12/1/22,0.0065,0.8575,11.3720,28.4648,-10.2313,3894.7687
11/30/22,0.0053,0.7047,11.3021,20.5596,-7.3635,3853.0365
11/29/22,0.0062,0.8159,11.2647,14.6879,-10.1776,3848.4224
11/28/22,0.0043,0.5714,10.9695,5.0678,-3.7576,3733.2424
11/25/22,0.0042,0.5527,11.0810,12.8406,-6.4236,3775.7764
11/24/22,0.0035,0.4668,10.9700,15.6149,-4.1918,3756.8082
11/23/22,0.0044,0.5814,11.0179,22.7532,-7.2713,3773.5287
11/22/22,0.0045,0.5901,10.9940,29.0461,-6.2273,3769.5727
11/21/22,0.0041,0.5478,10.9305,37.7573,-10.0731,3769.1269
11/18/22,0.0049,0.6474,11.0134,48.9889,-10.4314,3801.5686
11/17/22,0.0048,0.6323,11.0520,56.7427,1.4640,3818.6640
11/16/22,0.0051,0.6764,11.0956,61.6024,-4.4101,3834.3899
11/15/22,0.0064,0.8441,11.1693,61.9234,-2.0274,3865.9726
11/14/22,0.0069,0.9136,11.0051,51.9715,0.0171,3794.0171
11/11/22,0.0075,0.9988,11.0051,47.7711,-4.7613,3788.4387
11/10/22,0.0041,0.5449,10.7434,39.7704,-8.3115,3685.6885
11/9/22,0.0038,0.5090,10.7997,46.3373,2.0704,3714.2704
11/8/22,0.0043,0.5672,10.8873,48.9974,-7.2749,3749.3251
11/7/22,0.0055,0.7323,10.9465,44.0524,-6.5029,3775.2971
11/4/22,0.0069,0.9102,10.9233,29.4149,-14.0254,3767.1746
11/3/22,0.0049,0.6492,10.6188,7.6410,-3.5034,3647.8966
11/2/22,0.0066,0.8729,10.6974,-0.9554,-2.3949,3677.8051
11/1/22,0.0067,0.8932,10.5928,-18.1609,-14.2268,3634.1732
10/31/22,0.0060,0.8010,10.2874,-32.6905,3.3034,3508.7034
10/28/22,0.0057,0.7581,10.3781,-25.1368,-3.2705,3541.3295
10/27/22,0.0058,0.7774,10.6350,-15.2947,-1.8552,3631.1448
10/26/22,0.0055,0.7268,10.6891,-14.3621,0.5027,3656.9027
10/25/22,0.0050,0.6605,10.6514,-14.7332,0.8542,3627.4542
10/24/22,0.0059,0.7800,10.6849,-5.9635,2.3733,3633.3733
10/21/22,0.0040,0.5285,10.9783,9.4006,8.4929,3742.8929
10/20/22,0.0045,0.5946,11.0272,12.8824,-6.0731,3754.9269
10/19/22,0.0041,0.5430,11.0724,17.0011,1.3335,3776.5335
10/18/22,0.0040,0.5341,11.2214,19.8889,2.8667,3838.2667
10/17/22,0.0048,0.6293,11.2573,12.4621,9.0119,3846.4119
10/14/22,0.0055,0.7324,11.2576,0.1846,1.0698,3842.4698
10/13/22,0.0044,0.5774,11.0695,-16.2983,-2.1271,3752.6729
10/12/22,0.0046,0.6086,11.1581,-20.6284,-0.2936,3784.3064
10/11/22,0.0037,0.4872,11.0206,-29.9940,0.8867,3727.6867
10/10/22,0.0043,0.5689,11.0157,-28.7137,-7.2635,3720.9365
9/30/22,0.0034,0.4549,11.1934,-20.8195,-3.5147,3804.8853
9/29/22,0.0037,0.4907,11.2293,-21.6077,-10.4566,3827.1434
9/28/22,0.0037,0.4934,11.2416,-23.6955,-7.8902,3828.7098
9/27/22,0.0040,0.5254,11.3826,-23.5470,2.0950,3892.2950
9/26/22,0.0042,0.5521,11.2386,-32.5586,-4.7227,3836.6773
9/23/22,0.0037,0.4916,11.3346,-31.2425,-8.3788,3856.0212
9/22/22,0.0035,0.4575,11.3268,-28.9426,-0.6560,3869.3440
9/21/22,0.0036,0.4766,11.3896,-24.1526,7.1348,3903.7348
9/20/22,0.0038,0.5027,11.4481,-20.1862,4.2361,3932.8361
9/19/22,0.0039,0.5144,11.4540,-16.8759,-0.9999,3928.0001
9/16/22,0.0051,0.6773,11.4523,-8.0521,-4.5174,3932.6826
9/15/22,0.0053,0.6978,11.7146,6.8307,-2.6814,4027.1186
9/14/22,0.0038,0.5054,11.7902,11.8294,-3.4410,4065.3590
9/13/22,0.0045,0.5896,11.9078,12.1085,1.9145,4111.1145
9/9/22,0.0045,0.5997,11.8703,3.3471,-4.4126,4093.7874
9/8/22,0.0039,0.5130,11.7228,-6.2153,-1.1161,4037.6839
9/7/22,0.0044,0.5887,11.7561,-8.3474,-0.8170,4054.9830
9/6/22,0.0049,0.6453,11.7485,-13.4166,5.4802,4052.2802
9/5/22,0.0042,0.5552,11.6591,-18.7050,-2.1736,4015.4264
9/2/22,0.0038,0.5097,11.6472,-16.9953,3.4131,4023.6131
9/1/22,0.0044,0.5802,11.6985,-13.5032,0.1395,4043.7395
8/31/22,0.0060,0.7997,11.7819,-9.9527,-2.5598,4078.8402
8/30/22,0.0040,0.5270,11.7899,-9.7044,-0.8063,4075.7937
8/29/22,0.0042,0.5541,11.7968,-7.0134,5.5205,4089.5205
8/26/22,0.0046,0.6143,11.8805,-4.1012,0.1455,4107.5455
8/25/22,0.0050,0.6582,11.9348,-1.9803,1.2396,4116.2396
8/24/22,0.0054,0.7213,11.8255,0.5858,2.2195,4082.4195
8/23/22,0.0049,0.6463,12.0431,12.2978,6.4823,4161.0823
8/22/22,0.0053,0.6987,12.1060,14.7187,13.1965,4181.3965
8/19/22,0.0054,0.7122,12.0309,14.0402,9.0738,4151.0738
8/18/22,0.0048,0.6304,12.0705,18.8385,1.0996,4180.0996
8/17/22,0.0051,0.6752,12.1880,19.9391,2.7586,4216.9586
8/16/22,0.0048,0.6317,12.0819,13.5214,4.8370,4177.8370
8/15/22,0.0050,0.6616,12.1106,11.1904,2.8794,4185.6794
8/12/22,0.0045,0.5894,12.1453,6.0600,-4.4480,4191.1520
8/11/22,0.0055,0.7256,12.1618,-2.5845,-2.4572,4193.5428
8/10/22,0.0045,0.5963,11.9356,-15.4626,8.3373,4109.7373
8/9/22,0.0044,0.5818,12.0541,-16.4753,7.0907,4156.2907
8/8/22,0.0046,0.6106,12.0300,-25.0742,5.4746,4148.0746
8/5/22,0.0051,0.6729,12.0566,-33.9645,0.1111,4156.9111
8/4/22,0.0045,0.5967,11.9300,-46.1398,10.5367,4101.5367
8/3/22,0.0056,0.7455,11.8164,-49.5857,7.1754,4066.9754
8/2/22,0.0058,0.7729,11.9269,-43.2220,-2.3760,4107.0240
8/1/22,0.0051,0.6779,12.1374,-37.1135,14.6784,4188.6784
7/29/22,0.0052,0.6859,12.0937,-40.5527,17.7019,4170.1019
7/28/22,0.0049,0.6528,12.2406,-38.6614,10.8733,4225.6733
7/27/22,0.0039,0.5196,12.2380,-43.6704,12.0357,4225.0357
7/26/22,0.0040,0.5257,12.3012,-47.9641,10.1758,4245.9758
7/25/22,0.0038,0.5043,12.2213,-55.3100,6.0441,4212.6441
7/22/22,0.0045,0.5984,12.2787,-56.0340,14.0341,4238.2341
7/21/22,0.0048,0.6400,12.2713,-58.3324,19.4578,4236.0578
7/20/22,0.0042,0.5615,12.4119,-57.4997,21.0027,4283.8027
7/19/22,0.0046,0.6135,12.3595,-62.1192,15.1401,4269.3401
7/18/22,0.0056,0.7432,12.4014,-62.5924,19.5858,4292.5858
7/15/22,0.0064,0.8474,12.2648,-64.3155,38.5273,4248.5273
7/14/22,0.0060,0.7920,12.4788,-54.4105,12.0742,4322.0742
7/13/22,0.0057,0.7498,12.5150,-50.9647,14.8617,4321.4617
7/12/22,0.0058,0.7630,12.5122,-43.2085,12.8184,4313.6184
7/11/22,0.0059,0.7773,12.6263,-27.9370,17.6167,4354.6167
7/8/22,0.0059,0.7776,12.8122,-12.0555,19.1810,4428.7810
7/7/22,0.0063,0.8376,12.8615,-3.3842,26.8736,4443.4736
7/6/22,0.0067,0.8823,12.8223,5.1248,23.5698,4423.9698
7/5/22,0.0069,0.9119,13.0008,19.6147,30.1383,4489.5383
7/4/22,0.0068,0.9000,13.0122,25.1297,23.8303,4496.0303
7/1/22,0.0061,0.8074,12.9369,27.9660,21.5179,4466.7179
6/30/22,0.0068,0.8951,12.9856,33.6735,23.2108,4485.0108
6/29/22,0.0076,1.0136,12.8461,33.8923,7.9570,4421.3570
6/28/22,0.0069,0.9141,13.0032,42.1456,25.1166,4490.5166
6/27/22,0.0073,0.9732,12.9040,35.6047,33.6639,4444.2639
6/24/22,0.0069,0.9173,12.7796,29.6631,28.5723,4394.7723
6/23/22,0.0064,0.8510,12.6760,25.9633,28.0781,4343.8781
6/22/22,0.0059,0.7902,12.4806,26.5432,39.6227,4270.6227
6/21/22,0.0062,0.8283,12.6365,38.5508,39.1657,4325.5657
6/20/22,0.0070,0.9391,12.6297,41.7770,47.8328,4330.4328
6/17/22,0.0068,0.9074,12.6117,41.0606,31.8444,4309.0444
6/16/22,0.0067,0.8937,12.4772,39.6124,1.2614,4250.0614
6/15/22,0.0090,1.2079,12.5848,44.9225,0.8178,4278.2178
6/14/22,0.0067,0.8917,12.4485,42.9705,-6.8886,4222.3114
6/13/22,0.0068,0.9046,12.3201,46.8770,6.1527,4189.3527
6/10/22,0.0068,0.8767,12.5869,55.2869,4.9936,4238.9936
6/9/22,0.0061,0.7821,12.4133,53.5288,7.6747,4175.6747
6/8/22,0.0067,0.8701,12.5059,58.8988,17.2122,4219.8122
6/7/22,0.0061,0.7855,12.3862,53.5047,26.7285,4179.1285
6/6/22,0.0069,0.8972,12.3519,48.8753,21.6850,4166.0850
6/2/22,0.0048,0.6234,12.1821,40.4188,18.9682,4089.5682
6/1/22,0.0049,0.6321,12.1713,39.6671,23.9772,4083.1772
5/31/22,0.0058,0.7480,12.2007,37.1375,22.3176,4091.5176
5/30/22,0.0046,0.5982,12.0455,29.1275,27.2179,4029.0179
5/27/22,0.0046,0.5897,11.9844,27.6042,18.0988,4001.2988
5/26/22,0.0048,0.6204,11.9526,29.5809,23.4446,3993.0446
5/25/22,0.0042,0.5416,11.9193,33.1131,25.1784,3983.1784
5/24/22,0.0055,0.7149,11.8350,39.2674,20.5541,3959.1541
5/23/22,0.0049,0.6395,12.0650,52.0938,38.9823,4053.9823
5/20/22,0.0058,0.7475,12.1189,50.4328,14.5998,4077.5998
5/19/22,0.0047,0.6024,11.9126,40.4870,2.5984,3999.5984
5/18/22,0.0045,0.5793,11.9002,39.0318,9.5069,3991.9069
5/17/22,0.0046,0.6015,11.9409,37.0744,11.4934,4005.8934
5/16/22,0.0045,0.5778,11.8236,30.2067,24.3378,3956.5378
5/13/22,0.0043,0.5622,11.9001,29.1131,13.4002,3988.6002
5/12/22,0.0045,0.5857,11.8011,20.8532,15.5400,3958.7400
5/11/22,0.0069,0.8930,11.8422,14.5663,21.0231,3976.4231
5/10/22,0.0054,0.6977,11.7174,2.3474,5.8684,3919.8684
5/9/22,0.0039,0.5052,11.6260,-3.1434,24.2364,3877.4364
5/6/22,0.0049,0.6278,11.6974,-0.3080,28.6150,3908.8150
5/5/22,0.0064,0.8286,11.9740,0.5324,15.2102,4010.2102
4/29/22,0.0071,0.9171,11.8514,-16.1393,-3.1590,4016.2410
4/28/22,0.0060,0.7813,11.5409,-39.9350,5.1073,3921.1073
4/27/22,0.0067,0.8721,11.4881,-52.5643,9.7361,3895.5361
4/26/22,0.0060,0.7807,11.2460,-60.6327,2.1198,3784.1198
4/25/22,0.0063,0.8158,11.3298,-43.4595,5.1127,3814.9127
4/22/22,0.0045,0.5888,11.8467,-16.6301,1.4498,4013.2498
4/21/22,0.0050,0.6518,11.7845,-10.9147,-2.9700,3995.8300
4/20/22,0.0047,0.6111,11.9797,4.5116,16.1889,4070.7889
4/19/22,0.0045,0.5804,12.1441,15.2897,0.1017,4134.9017
4/18/22,0.0046,0.5895,12.1932,19.9755,8.1844,4166.3844
4/15/22,0.0048,0.6220,12.2906,21.2495,6.3472,4188.7472
4/14/22,0.0052,0.6754,12.3132,18.9036,5.3684,4191.5684
4/13/22,0.0047,0.6155,12.1779,15.0350,-8.0630,4139.7370
4/12/22,0.0054,0.6983,12.2674,20.2586,3.9727,4179.9727
4/11/22,0.0057,0.7455,12.0702,20.8579,0.0703,4100.0703
4/8/22,0.0048,0.6264,12.3896,38.5675,-3.0331,4230.7669
4/7/22,0.0046,0.5968,12.3152,39.2848,13.8998,4209.0998
4/6/22,0.0053,0.6904,12.4618,43.9988,21.8411,4263.8411
4/1/22,0.0051,0.6651,12.4680,39.2782,8.1580,4276.1580
3/31/22,0.0051,0.6574,12.3453,28.6993,3.7968,4222.5968
3/30/22,0.0057,0.7363,12.3408,23.2165,-0.1011,4254.0989
3/29/22,0.0043,0.5601,12.1015,9.1050,20.9441,4134.1441
3/28/22,0.0046,0.5982,12.1241,13.3340,20.2663,4148.4663
3/25/22,0.0047,0.6063,12.1495,19.1598,37.5742,4174.5742
3/24/22,0.0047,0.6040,12.3264,24.6946,32.5061,4251.3061
3/23/22,0.0048,0.6194,12.3824,19.0631,35.3174,4276.5174
3/22/22,0.0048,0.6238,12.3143,6.6684,42.0950,4255.2950
3/21/22,0.0053,0.6939,12.2948,-5.9551,43.7459,4258.7459
3/18/22,0.0059,0.7598,12.3193,-22.8879,33.3017,4265.9017
3/17/22,0.0082,1.0683,12.1544,-46.0560,3.6956,4237.6956
3/16/22,0.0082,1.0695,11.9626,-70.1167,3.8810,4156.0810
3/15/22,0.0078,1.0175,11.5324,-82.8809,42.4120,3983.8120
3/14/22,0.0056,0.7295,12.0787,-58.3487,12.3577,4174.7577
3/11/22,0.0062,0.8022,12.4362,-50.6289,-4.4783,4306.5217
3/10/22,0.0063,0.8230,12.4487,-58.5387,26.4374,4292.8374
3/9/22,0.0073,0.9433,12.3109,-61.2887,24.3463,4226.3463
3/8/22,0.0066,0.8636,12.4355,-45.0362,28.3910,4265.3910
3/7/22,0.0063,0.8249,12.6846,-21.5389,13.3775,4352.7775
3/4/22,0.0050,0.6527,13.0433,1.5438,-2.9699,4496.4301
3/3/22,0.0048,0.6266,13.1830,10.4983,4.8283,4551.6283
3/2/22,0.0043,0.5535,13.2218,14.1813,3.6007,4578.6007
3/1/22,0.0051,0.6648,13.3098,14.9317,11.0862,4619.6862
2/28/22,0.0049,0.6393,13.2088,8.1182,7.2459,4581.6459
2/25/22,0.0054,0.7009,13.1677,5.9738,1.4247,4573.4247
2/24/22,0.0069,0.8894,13.0846,5.4153,-4.6811,4529.3189
2/23/22,0.0051,0.6607,13.3112,14.7631,5.8465,4623.0465
2/22/22,0.0049,0.6345,13.2235,11.0857,4.7527,4574.1527
2/21/22,0.0042,0.5463,13.3736,16.0315,6.9141,4634.3141
2/18/22,0.0038,0.4962,13.4159,12.1541,2.4358,4651.2358
2/17/22,0.0045,0.5805,13.3503,3.3877,5.3649,4629.1649
2/16/22,0.0041,0.5361,13.3329,-4.4613,5.5893,4617.9893
2/15/22,0.0049,0.6399,13.2833,-12.3965,8.9025,4600.1025
2/14/22,0.0055,0.7127,13.2027,-18.4553,-0.9122,4551.6878
2/11/22,0.0060,0.7878,13.3620,-14.8420,6.1953,4601.3953
2/10/22,0.0056,0.7314,13.4264,-16.1478,3.6625,4639.8625
2/9/22,0.0054,0.6975,13.4321,-22.9578,3.6609,4652.0609
2/8/22,0.0055,0.7226,13.3320,-32.6892,1.5729,4608.7729
2/7/22,0.0052,0.6820,13.3285,-35.0523,6.8899,4634.0899
1/28/22,0.0053,0.6883,13.0623,-39.5511,23.1720,4563.7720
1/27/22,0.0050,0.6455,13.2265,-27.7338,-17.9235,4619.8765
1/26/22,0.0044,0.5735,13.4492,-16.7614,-6.0891,4712.3109
1/25/22,0.0049,0.6386,13.3520,-15.5536,-12.3489,4678.4511
1/24/22,0.0047,0.6141,13.6478,-4.3685,-16.6623,4786.7377
1/21/22,0.0053,0.6861,13.6288,-7.2035,-25.8858,4779.3142
1/20/22,0.0058,0.7533,13.7541,-8.6228,-1.4909,4823.5091
1/19/22,0.0053,0.6880,13.6402,-18.2024,-8.0216,4780.3784
1/18/22,0.0054,0.7024,13.7188,-22.2487,1.1472,4813.3472
1/17/22,0.0051,0.6627,13.5696,-32.6914,3.6762,4767.2762
1/14/22,0.0055,0.7128,13.5069,-36.4513,3.1317,4726.7317
1/13/22,0.0056,0.7232,13.6552,-30.4791,-1.2809,4765.9191
1/12/22,0.0056,0.7238,13.8413,-25.8479,-7.0213,4845.5787
1/11/22,0.0055,0.7139,13.7353,-32.0961,-3.0265,4797.7735
1/10/22,0.0058,0.7536,13.8690,-29.3168,-1.5549,4844.0451
1/7/22,0.0063,0.8239,13.8104,-31.6412,-7.2311,4822.3689
1/6/22,0.0062,0.7997,13.7685,-28.1839,0.0318,4818.2318
1/5/22,0.0069,0.8959,13.8884,-19.4779,-8.8798,4868.1202
1/4/22,0.0063,0.8220,13.9854,-14.2301,-7.8347,4917.7653