,沪深300,,,,,,,,沪深300期货
,000300.SH,,,,,,,,IF.CFE
日期,"成交额
[单位]亿元","总市值2
[单位]亿元",市盈率PE(TTM),"MACD指数平滑移动平均
[MACD指标选项]MACD
[周期数]9
[短期周期数]12
[长期周期数]26",换手率(基准.流通市值),收盘价,,日期,基差(股指期货)
Date,amt,mkt_cap_ard,pe_ttm,MACD,dq_amtturnover,close,,Date,anal_basis_stkidx
2026-05-26,,689784.8035,14.6389,-22.3893,,4921.5974,,2026-05-26,68.9974
2026-05-25,8611.7942,689784.8035,14.6389,-22.3893,1.6215,4921.5974,,2026-05-25,68.9974
2026-05-22,7718.2330,682568.4991,14.4857,-33.3590,1.4688,4845.0956,,2026-05-22,56.8956
2026-05-21,8919.3635,678311.6728,14.3954,-34.1773,1.7103,4783.0976,,2026-05-21,40.0976
2026-05-20,7296.5333,686736.7215,14.5742,-21.8059,1.3812,4850.7000,,2026-05-20,44.1000
2026-05-19,7124.0105,689548.9066,14.6339,-15.9412,1.3423,4852.8832,,2026-05-19,39.6832
2026-05-18,7334.5282,685777.7610,14.5538,-7.7057,1.3893,4833.5237,,2026-05-18,31.5237
2026-05-15,8876.8743,688236.2994,14.6060,7.9523,1.6745,4859.5927,,2026-05-15,35.5927
2026-05-14,8574.4633,693865.8781,14.7255,24.8642,1.6022,4914.5971,,2026-05-14,30.1971
2026-05-13,8231.7320,702035.1981,14.8989,36.4987,1.5173,4998.3417,,2026-05-13,29.5417
2026-05-12,8193.5144,698624.4912,14.8265,32.9783,1.5200,4948.0465,,2026-05-12,36.4465
2026-05-11,9044.7932,699961.9532,14.8549,33.0013,1.6747,4951.8366,,2026-05-11,39.2366
2026-05-08,7165.4610,692938.5494,14.7058,27.7820,1.3427,4871.9122,,2026-05-08,35.1122
2026-05-07,7872.3620,695856.1430,14.7677,31.8027,1.4684,4900.5098,,2026-05-07,38.1098
2026-05-06,8817.4431,696747.3286,14.7866,28.2311,1.6454,4877.0932,,2026-05-06,37.6932
2026-04-30,7266.6537,691943.2161,14.6355,23.5527,1.3688,4807.3069,,2026-04-30,43.9069
2026-04-29,6810.2051,692518.2379,14.7094,27.0449,1.2795,4810.3468,,2026-04-29,44.3468
2026-04-28,6315.2166,687696.3947,14.6106,28.5365,1.1950,4758.2083,,2026-04-28,55.8083
2026-04-27,6489.0481,686640.5120,14.5416,38.0461,1.2282,4770.9469,,2026-04-27,55.3469
2026-04-24,6800.9783,686876.1937,14.5458,46.4451,1.2862,4769.3688,,2026-04-24,55.7688
2026-04-23,6938.5378,688104.7965,14.6039,55.4236,1.3089,4786.3273,,2026-04-23,61.9273
2026-04-22,6195.0567,687917.8018,14.6095,60.9697,1.1689,4799.6270,,2026-04-22,54.8270
2026-04-21,5804.0800,686448.4828,14.5769,61.5226,1.0990,4767.9970,,2026-04-21,60.1970
2026-04-20,6265.6841,684124.1503,14.5233,63.4336,1.1887,4757.4419,,2026-04-20,60.8419
2026-04-17,5876.2268,679223.5036,14.4034,63.2838,1.1224,4728.6716,,2026-04-17,61.6716
2026-04-16,5676.1132,681293.7928,14.4311,63.7985,1.0808,4736.6077,,2026-04-16,58.8077
2026-04-15,6045.5056,676893.1293,14.3575,58.0858,1.1598,4685.2464,,2026-04-15,60.0464
2026-04-14,6057.1779,677606.3748,14.3758,55.2223,1.1607,4701.2837,,2026-04-14,61.6837
2026-04-13,5566.2095,671866.5164,14.2615,43.6307,1.0774,4646.1546,,2026-04-13,75.5546
2026-04-10,6257.1800,670176.3907,14.2194,33.7758,1.2142,4636.5655,,2026-04-10,74.5655
2026-04-09,5004.4568,664215.3276,14.1048,18.4014,0.9812,4566.2237,,2026-04-09,66.2237
2026-04-08,6417.7918,668015.0473,14.1855,8.0008,1.2502,4595.5560,,2026-04-08,55.9560
2026-04-07,3782.6170,654610.6821,13.9044,-13.8248,0.7546,4440.6162,,2026-04-07,80.6162
2026-04-03,3732.3491,654949.1096,13.9116,-14.4993,0.7444,4440.7889,,2026-04-03,78.5889
2026-04-02,4299.4913,661344.5595,14.0453,-13.0088,0.8495,4478.9141,,2026-04-02,88.7141
2026-04-01,5037.4406,663705.5252,14.1184,-15.9699,0.9905,4526.0668,,2026-04-01,77.8668
2026-03-31,4845.5811,657521.9015,13.8916,-27.6713,0.9651,4450.0493,,2026-03-31,74.2493
2026-03-30,4446.2952,660830.2618,13.9575,-27.3150,0.8806,4491.9500,,2026-03-30,77.9500
2026-03-27,4405.1756,660598.0036,13.9128,-31.8641,0.8726,4502.5698,,2026-03-27,75.1698
2026-03-26,4711.2750,658150.1880,13.7880,-37.5882,0.9377,4477.5343,,2026-03-26,81.5343
2026-03-25,5504.2816,663961.3224,13.8647,-37.5637,1.0852,4537.4656,,2026-03-25,87.4656
2026-03-24,5301.4939,658255.6383,13.7405,-45.8085,1.0569,4474.7224,,2026-03-24,86.3224
2026-03-23,6717.1976,651608.0266,13.6116,-41.7125,1.3531,4417.9971,,2026-03-23,73.5971
2026-03-20,6154.6309,671087.8907,14.0240,-19.6621,1.2015,4567.0179,,2026-03-20,80.6179
2026-03-19,5478.5030,675464.3749,14.0905,-12.8595,1.0628,4583.2511,,2026-03-19,-3.3489
2026-03-18,5241.7391,679860.7038,14.1822,-3.9842,1.0069,4658.3324,,2026-03-18,6.9324
2026-03-17,5785.0151,678792.4880,14.1606,-4.5745,1.1131,4637.4392,,2026-03-17,8.6392
2026-03-16,5987.9910,680848.5260,14.1994,-0.6881,1.1476,4671.5591,,2026-03-16,8.7591
2026-03-13,5803.0561,681223.6566,14.2084,-1.2036,1.1120,4669.1400,,2026-03-13,11.1400
2026-03-12,5721.0548,683514.4739,14.2607,-1.2610,1.0917,4687.5601,,2026-03-12,29.1601
2026-03-11,5795.6440,683515.4161,14.2607,-4.8305,1.1046,4704.4959,,2026-03-11,17.4959
2026-03-10,5576.0788,678160.1738,14.1546,-13.4073,1.0701,4674.7562,,2026-03-10,10.7562
2026-03-09,6658.2151,676615.0536,14.1520,-19.7685,1.2845,4615.4551,,2026-03-09,16.2551
2026-03-06,4878.0708,678501.8496,14.1906,-16.0916,0.9355,4660.4390,,2026-03-06,14.4390
2026-03-05,5704.4378,678160.3270,14.1839,-18.0151,1.0954,4647.6921,,2026-03-05,18.6921
2026-03-04,6089.2313,674839.2672,14.1144,-17.0152,1.1767,4602.6247,,2026-03-04,11.6247
2026-03-03,8016.5924,682717.5976,14.2792,-4.9188,1.5308,4655.8962,,2026-03-03,4.4962
2026-03-02,7526.8194,682715.1899,14.2791,3.7826,1.4310,4728.6688,,2026-03-02,17.4688
2026-02-27,5788.2099,675261.6814,14.1261,2.3507,1.1096,4710.6469,,2026-02-27,-3.1531
2026-02-26,5998.4892,676325.1832,14.1502,3.3742,1.1475,4726.8739,,2026-02-26,14.6739
2026-02-25,5969.0387,678895.1805,14.2015,1.2638,1.1388,4735.8858,,2026-02-25,4.4858
2026-02-24,5260.8424,676943.6823,14.1522,-4.1886,1.0082,4707.5440,,2026-02-24,24.1440
2026-02-13,4528.7859,670151.3718,14.0102,-6.9059,0.8757,4660.4056,,2026-02-13,33.4056
2026-02-12,4904.7385,679397.3857,14.2037,-1.2195,0.9357,4719.5780,,2026-02-12,2.7780
2026-02-11,4334.2861,680608.6080,14.2290,-4.2751,0.8258,4713.8185,,2026-02-11,-0.9815
2026-02-10,4503.3958,680613.6783,14.2298,-7.8045,0.8576,4724.2956,,2026-02-10,0.2956
2026-02-09,5227.5727,679190.7535,14.1987,-15.1164,0.9969,4719.0559,,2026-02-09,-2.1441
2026-02-06,5057.5981,671518.5148,14.0408,-24.6795,0.9767,4643.5959,,2026-02-06,5.9959
2026-02-05,5504.3317,673622.4397,14.0848,-22.7902,1.0590,4670.4188,,2026-02-05,5.2188
2026-02-04,6360.1859,675885.0196,14.1321,-23.7051,1.2188,4698.6832,,2026-02-04,5.0832
2026-02-03,6666.2684,668302.2661,13.9736,-29.3941,1.2905,4660.1074,,2026-02-03,7.1074
2026-02-02,7259.2038,665059.6055,13.9058,-28.6991,1.4152,4605.9799,,2026-02-02,28.5799
2026-01-30,7505.6489,678099.5627,14.1752,-14.8170,1.4375,4706.3401,,2026-01-30,-4.6599
2026-01-29,9179.6616,684682.6278,14.3128,-12.6200,1.7418,4753.8697,,2026-01-29,-30.1303
2026-01-28,8294.1407,679149.1158,14.1971,-18.5457,1.5861,4717.9914,,2026-01-28,-14.8086
2026-01-27,7152.6791,676208.6613,14.1373,-19.9960,1.3707,4705.6918,,2026-01-27,-12.5082
2026-01-26,7968.3297,676585.4473,14.1452,-19.0537,1.5264,4706.9640,,2026-01-26,-12.4360
2026-01-23,7556.1774,673202.2667,14.0794,-17.2094,1.4526,4702.4966,,2026-01-23,-6.7034
2026-01-22,6902.3525,677337.6317,14.1667,-12.9806,1.3193,4723.7091,,2026-01-22,4.3091
2026-01-21,6653.3051,677791.7453,14.1768,-10.5932,1.2712,4723.0692,,2026-01-21,0.2692
2026-01-20,6719.6069,679730.1711,14.2217,-6.9406,1.2808,4718.8782,,2026-01-20,10.2782
2026-01-19,6551.4926,679243.4177,14.2172,-0.8902,1.2489,4734.4556,,2026-01-19,5.8556
2026-01-16,7856.2417,679544.5616,14.2235,4.4290,1.4972,4731.8728,,2026-01-16,8.6728
2026-01-15,6740.5868,683919.2666,14.3163,11.8313,1.2774,4751.4293,,2026-01-15,4.8293
2026-01-14,8913.3422,685066.6728,14.3477,17.4459,1.6873,4741.9306,,2026-01-14,1.9306
2026-01-13,8010.5498,689834.7701,14.4556,25.6984,1.5066,4761.0324,,2026-01-13,2.4324
2026-01-12,7999.5408,691326.8465,14.4838,31.7087,1.4985,4789.9155,,2026-01-12,15.9155
2026-01-09,6687.8881,687682.3578,14.4075,31.7407,1.2606,4758.9221,,2026-01-09,15.1221
2026-01-08,6306.5564,684900.3252,14.3492,34.5401,1.1943,4737.6536,,2026-01-08,19.2536
2026-01-07,6648.9793,689189.6260,14.4391,39.6557,1.2511,4776.6658,,2026-01-07,23.6658
2026-01-06,7254.1457,692972.3064,14.5183,35.8893,1.3595,4790.6938,,2026-01-06,12.6938
2026-01-05,6305.7735,684133.3235,14.3331,23.4988,1.2001,4717.7457,,2026-01-05,20.7457
2025-12-31,4444.9155,676462.8207,14.1724,16.2272,0.8576,4629.9395,,2025-12-31,30.1395
2025-12-30,4571.8549,677068.0190,14.1851,20.8420,0.8804,4651.2818,,2025-12-30,29.0818
2025-12-29,4826.1354,675740.8270,14.1573,21.8674,0.9314,4639.3721,,2025-12-29,29.1721
2025-12-26,4604.2693,675207.0557,14.1461,23.9273,0.8883,4657.2400,,2025-12-26,18.8400
2025-12-25,3853.5606,674621.8783,14.1338,21.4813,0.7438,4642.5357,,2025-12-25,31.9357
2025-12-24,4063.7564,673713.3427,14.1148,18.7708,0.7857,4634.0586,,2025-12-24,39.0586
2025-12-23,4331.4133,672727.9469,14.0942,14.6748,0.8391,4620.7341,,2025-12-23,49.3341
2025-12-22,4482.4060,670812.9407,14.0540,9.7665,0.8708,4611.6235,,2025-12-22,46.8235
2025-12-19,3715.7714,666657.4495,13.9670,3.1679,0.7278,4568.1781,,2025-12-19,41.1781
2025-12-18,3821.0240,666259.5816,13.9586,1.4516,0.7492,4552.7926,,2025-12-18,2.3926
2025-12-17,4525.0474,666284.0544,13.9592,1.9660,0.8857,4579.8750,,2025-12-17,1.6750
2025-12-16,3905.0013,657131.8161,13.7674,-2.6465,0.7759,4497.5545,,2025-12-16,-1.8455
2025-12-15,4243.8339,663123.4732,13.8929,7.2328,0.8353,4552.0596,,2025-12-15,6.4596
2025-12-12,5238.6322,659473.3332,13.9089,11.5342,1.0339,4580.9500,,2025-12-12,6.9500
2025-12-11,4324.3109,658105.0639,13.8800,11.8194,0.8553,4552.1848,,2025-12-11,12.5848
2025-12-10,4014.5278,662488.5054,13.9725,17.4553,0.7890,4591.8273,,2025-12-10,17.6273
2025-12-09,4521.1388,665394.2962,14.0337,17.2698,0.8850,4598.2232,,2025-12-09,15.0232
2025-12-08,4967.1620,667614.4367,14.0806,14.6454,0.9693,4621.7545,,2025-12-08,8.5545
2025-12-05,4121.4681,664680.5845,14.0187,4.9228,0.8088,4584.5368,,2025-12-05,10.1368
2025-12-04,3487.6740,661713.3778,13.9561,-2.8875,0.6880,4546.5664,,2025-12-04,15.9664
2025-12-03,3744.8617,660723.5601,13.9352,-6.8223,0.7400,4531.0486,,2025-12-03,12.8486
2025-12-02,3643.6643,664633.3504,14.0177,-8.8276,0.7164,4554.3347,,2025-12-02,18.5347
2025-12-01,4638.6159,666282.3043,14.0525,-15.5135,0.9093,4576.4856,,2025-12-01,21.0856
2025-11-28,3418.3232,660992.9768,13.9409,-28.9087,0.6764,4526.6616,,2025-11-28,20.8616
2025-11-27,4177.8984,661260.5888,13.9466,-37.2878,0.8271,4515.4027,,2025-11-27,22.8027
2025-11-26,4273.6138,660024.3942,13.9205,-44.9213,0.8479,4517.6255,,2025-11-26,24.6255
2025-11-25,4115.2380,659930.9921,13.9185,-53.6080,0.8178,4490.4047,,2025-11-25,17.4047
2025-11-24,4258.0747,654670.2653,13.8076,-57.4160,0.8531,4448.0478,,2025-11-24,12.8478
2025-11-21,4812.9581,657699.9878,13.8715,-50.2343,0.9603,4453.6076,,2025-11-21,25.2076
2025-11-20,4150.6482,670372.7425,14.1387,-36.0862,0.8108,4564.9483,,2025-11-20,25.7483
2025-11-19,3852.3048,671395.7342,14.1603,-33.7304,0.7498,4588.2922,,2025-11-19,23.0922
2025-11-18,4201.5013,666449.0810,14.0560,-32.5974,0.8233,4568.1928,,2025-11-18,13.1928
2025-11-17,4389.4010,670207.7607,14.1353,-24.7862,0.8548,4598.0525,,2025-11-17,16.6525
2025-11-14,4447.2043,675046.8026,14.2373,-17.2655,0.8602,4628.1398,,2025-11-14,27.7398
2025-11-13,5100.6068,683046.0525,14.4074,-10.9738,0.9733,4702.0738,,2025-11-13,25.0738
2025-11-12,4923.0887,678517.3317,14.3119,-16.1608,0.9471,4645.9079,,2025-11-12,17.9079
2025-11-11,4776.2908,676640.9931,14.2723,-12.7744,0.9206,4652.1655,,2025-11-11,25.3655
2025-11-10,5939.7713,680994.4430,14.3641,-8.7632,1.1364,4695.0507,,2025-11-10,23.0507
2025-11-07,5075.7385,677233.0157,14.2848,-11.5960,0.9758,4678.7944,,2025-11-07,19.3944
2025-11-06,5536.4178,679353.0163,14.3295,-13.0995,1.0609,4693.4032,,2025-11-06,22.6032
2025-11-05,4683.6116,672123.9486,14.1770,-18.6840,0.9079,4627.2570,,2025-11-05,30.6570
2025-11-04,5051.7770,671862.7097,14.1715,-13.9152,0.9806,4618.6990,,2025-11-04,29.6990
2025-11-03,5576.0294,673394.8778,14.2038,-4.8222,1.0779,4653.4028,,2025-11-03,18.6028
2025-10-31,6807.1225,669165.7605,14.1146,1.5491,1.3227,4640.6676,,2025-10-31,9.2676
2025-10-30,7199.5629,678267.5229,14.4943,12.6880,1.3788,4709.9110,,2025-10-30,19.9110
2025-10-29,6458.9869,682318.9859,14.6152,13.8135,1.2288,4747.8378,,2025-10-29,15.2378
2025-10-28,5715.6326,677668.1013,14.6222,5.2922,1.0968,4691.9730,,2025-10-28,22.3730
2025-10-27,6726.7037,679921.4048,14.6922,1.2425,1.2868,4716.0186,,2025-10-27,31.6186
2025-10-24,5519.8665,672178.5786,14.5550,-11.5881,1.0693,4660.6835,,2025-10-24,25.8835
2025-10-23,4208.0021,667145.6418,14.4576,-21.1854,0.8221,4606.3447,,2025-10-23,25.5447
2025-10-22,4409.3530,664332.3069,14.3983,-25.0668,0.8646,4592.5700,,2025-10-22,29.1700
2025-10-21,5513.9025,663720.6368,14.3729,-27.8412,1.0810,4607.8715,,2025-10-21,30.2715
2025-10-20,5057.9883,655697.1951,14.2164,-34.6298,1.0058,4538.2201,,2025-10-20,31.4201
2025-10-17,5590.8597,651833.8979,14.1537,-30.0565,1.1186,4514.2345,,2025-10-17,29.0345
2025-10-16,5605.6719,663269.9033,14.4041,-17.1638,1.1007,4618.4218,,2025-10-16,28.4218
2025-10-15,6073.2635,658727.7418,14.3058,-18.2859,1.1997,4606.2879,,2025-10-15,29.8879
2025-10-14,8089.5900,651177.4379,14.1445,-18.0494,1.6190,4539.0644,,2025-10-14,31.8644
2025-10-13,7140.0163,653249.3531,14.1895,-4.5133,1.4218,4593.9785,,2025-10-13,31.3785
2025-10-10,7927.4305,655815.0675,14.2453,4.1723,1.5708,4616.8341,,2025-10-10,24.6341
2025-10-09,8622.0801,663643.1636,14.4153,10.9045,1.6849,4709.4820,,2025-10-09,20.2820
2025-09-30,6646.2410,654772.6034,14.2226,-0.2399,1.3178,4640.6935,,2025-09-30,22.6935
2025-09-29,6933.9523,653050.2062,14.1852,-6.0596,1.3790,4620.0528,,2025-09-29,15.4528
2025-09-26,5987.2390,646452.9424,14.0419,-12.7027,1.2048,4550.0487,,2025-09-26,25.0487
2025-09-25,6698.6699,650664.3728,14.1334,-10.0738,1.3379,4593.4875,,2025-09-25,31.2875
2025-09-24,6291.6150,648955.8094,14.0963,-16.0190,1.2607,4566.0708,,2025-09-24,36.0708
2025-09-23,6805.1363,645135.7755,14.0133,-20.7544,1.3722,4519.7781,,2025-09-23,35.9781
2025-09-22,5631.4916,643255.4769,13.9724,-19.3780,1.1375,4522.6080,,2025-09-22,38.6080
2025-09-19,6038.8706,642725.9832,13.9609,-18.4444,1.2233,4501.9195,,2025-09-19,37.5195
2025-09-18,8399.8713,642754.1958,13.9616,-13.5763,1.7004,4498.1090,,2025-09-18,10.9090
2025-09-17,6084.5420,651848.4261,14.1591,-6.3422,1.2158,4551.0230,,2025-09-17,-2.1770
2025-09-16,6137.2833,648654.2776,14.0897,-7.5389,1.2315,4523.3367,,2025-09-16,6.5367
2025-09-15,6133.1465,650631.8873,14.1327,-5.6964,1.2299,4533.0557,,2025-09-15,5.2557
2025-09-12,6895.7608,650546.8682,14.1308,-6.8036,1.3835,4521.9980,,2025-09-12,-1.2020
2025-09-11,6931.5667,652815.8320,14.1801,-8.3139,1.3839,4548.0345,,2025-09-11,-13.9655
2025-09-10,5355.3935,641902.4714,13.9431,-17.9197,1.0898,4445.3649,,2025-09-10,12.9649
2025-09-09,5628.6110,640025.3110,13.9023,-13.4590,1.1481,4436.2584,,2025-09-09,10.0584
2025-09-08,6836.3088,643877.8879,13.9860,-6.0470,1.3868,4467.5733,,2025-09-08,14.5733
2025-09-05,6641.6697,643380.2415,13.9752,-2.8265,1.3488,4460.3249,,2025-09-05,3.7249
2025-09-04,7731.2460,637356.1884,13.8531,1.2684,1.5886,4365.2085,,2025-09-04,15.8085
2025-09-03,6556.9712,644623.8444,14.0110,24.2985,1.3297,4459.8296,,2025-09-03,29.8296
2025-09-02,7779.9930,650621.1113,14.1414,36.9800,1.5638,4490.4528,,2025-09-02,9.2528
2025-09-01,7703.7829,650415.5601,14.1369,45.2107,1.5450,4523.7111,,2025-09-01,13.1111
2025-08-29,8311.9407,649364.0731,14.1516,45.2500,1.6694,4496.7591,,2025-08-29,-9.4409
2025-08-28,7394.2360,645054.1527,14.0934,44.6423,1.4964,4463.7820,,2025-08-28,3.3820
2025-08-27,7850.9848,637194.9341,13.8596,44.4447,1.6099,4386.1266,,2025-08-27,2.1266
2025-08-26,6279.5045,647950.3104,14.1137,54.1782,1.2662,4452.5905,,2025-08-26,3.5905
2025-08-25,8236.8196,650498.9243,14.1813,49.7561,1.6542,4469.2217,,2025-08-25,-5.3783
2025-08-22,6759.3508,640685.3657,13.9698,33.4640,1.3815,4377.9977,,2025-08-22,-16.0023
2025-08-21,5585.2127,630636.7895,13.7272,21.7406,1.1615,4288.0707,,2025-08-21,5.8707
2025-08-20,5388.1531,627488.7109,13.6689,18.1445,1.1257,4271.3958,,2025-08-20,1.3958
2025-08-19,5535.3620,621251.9293,13.5347,12.9780,1.1689,4223.3741,,2025-08-19,7.1741
2025-08-18,6353.6587,622297.8169,13.5400,12.1875,1.3408,4239.4125,,2025-08-18,1.6125
2025-08-15,5186.8687,618363.9198,13.4562,5.4472,1.1026,4202.3533,,2025-08-15,-7.0467
2025-08-14,4850.7564,616695.7546,13.4225,0.6347,1.0354,4173.3131,,2025-08-14,9.5131
2025-08-13,4627.7675,616692.1483,13.4224,-2.3127,0.9880,4176.5776,,2025-08-13,5.7776
2025-08-12,3830.8842,614750.4206,13.3867,-8.6138,0.8218,4143.8252,,2025-08-12,12.6252
2025-08-11,3606.8583,610762.6748,13.2980,-12.4128,0.7824,4122.5106,,2025-08-11,17.7106
2025-08-08,3085.0769,610809.7322,13.3052,-14.2627,0.6701,4104.9669,,2025-08-08,21.7669
2025-08-07,3581.0837,611715.1315,13.3337,-13.6609,0.7773,4114.6660,,2025-08-07,22.0660
2025-08-06,3076.7463,610610.6065,13.3173,-14.7974,0.6692,4113.4852,,2025-08-06,16.4852
2025-08-05,3069.3426,609481.5868,13.2934,-16.4466,0.6693,4103.4500,,2025-08-05,21.4500
2025-08-04,2959.7683,603653.8891,13.1663,-17.0265,0.6518,4070.7023,,2025-08-04,17.9023
2025-08-01,3596.8516,601223.0323,13.1154,-11.2864,0.7950,4054.9286,,2025-08-01,25.3286
2025-07-31,4921.4257,604483.5273,13.1865,0.5383,1.0817,4075.5912,,2025-07-31,18.5912
2025-07-30,4451.6847,612738.3019,13.3930,13.6210,0.9662,4151.2379,,2025-07-30,14.8379
2025-07-29,4287.6431,610935.4126,13.3536,16.4217,0.9334,4152.0247,,2025-07-29,10.6247
2025-07-28,4067.9287,618419.7511,13.5171,17.8774,0.8885,4135.8242,,2025-07-28,13.8242
2025-07-25,4304.4551,617992.7837,13.5069,20.5845,0.9412,4127.1634,,2025-07-25,11.1634
2025-07-24,4870.0004,621610.1337,13.5888,23.5915,1.0596,4149.0368,,2025-07-24,7.8368
2025-07-23,4703.3090,619491.0267,13.5425,20.6821,1.0277,4119.7685,,2025-07-23,10.5685
2025-07-22,4508.7401,618845.3833,13.5284,19.0772,0.9859,4118.9582,,2025-07-22,9.1582
2025-07-21,3779.3856,615196.7107,13.4486,13.9676,0.8322,4085.6072,,2025-07-21,20.8072
2025-07-18,3542.4444,612288.8157,13.3872,10.3899,0.7844,4058.5486,,2025-07-18,16.7486
2025-07-17,3255.1687,608964.4181,13.3168,8.3246,0.7252,4034.4910,,2025-07-17,22.6910
2025-07-16,3006.5680,607565.1330,13.2862,8.2719,0.6721,4007.2019,,2025-07-16,36.2019
2025-07-15,3535.2457,608943.0125,13.3163,12.1228,0.7879,4019.0644,,2025-07-15,38.4644
2025-07-14,3214.1595,609938.5880,13.3252,13.9372,0.7156,4017.6678,,2025-07-14,31.8678
2025-07-11,4437.8079,609146.7625,13.3089,15.0948,0.9898,4014.8070,,2025-07-11,21.4070
2025-07-10,3478.3670,610508.3995,13.3386,15.4563,0.7747,4010.0243,,2025-07-10,38.0243
2025-07-09,3053.9880,607217.9469,13.2667,14.9639,0.6841,3991.4006,,2025-07-09,38.6006
2025-07-08,2920.8983,607041.3167,13.2629,16.0251,0.6539,3998.4527,,2025-07-08,39.8527
2025-07-07,2251.0699,603548.6108,13.1866,14.3020,0.5075,3965.1746,,2025-07-07,47.1746
2025-07-04,2905.1299,605537.2919,13.2300,16.5517,0.6527,3982.2034,,2025-07-04,46.2034
2025-07-03,2696.0957,602254.7183,13.1583,14.7596,0.6091,3968.0676,,2025-07-03,50.0676
2025-07-02,2466.3785,600613.5759,13.1225,13.0750,0.5594,3943.6849,,2025-07-02,49.4849
2025-07-01,2360.7034,600292.3457,13.1154,13.8434,0.5360,3942.7620,,2025-07-01,56.7620
2025-06-30,2888.2143,598024.1634,13.0659,13.7314,0.6579,3936.0791,,2025-06-30,50.2791
2025-06-27,3434.6823,596033.9006,13.0224,13.4473,0.7850,3921.7578,,2025-06-27,45.1578
2025-06-26,3281.0285,602527.2419,13.1643,14.5177,0.7426,3946.0195,,2025-06-26,41.8195
2025-06-25,3617.2725,602831.5681,13.1709,9.8519,0.8170,3960.0662,,2025-06-25,37.2662
2025-06-24,2942.2872,596157.4633,13.0251,-1.4427,0.6718,3904.0342,,2025-06-24,51.6342
2025-06-23,2324.8222,590502.0758,12.9015,-8.0624,0.5365,3857.9016,,2025-06-23,60.5016
2025-06-20,2135.2282,587053.3288,12.8262,-8.6907,0.4946,3846.6443,,2025-06-20,73.0443
2025-06-19,2348.4018,585746.2341,12.7976,-6.8389,0.5448,3843.0912,,2025-06-19,2.6912
2025-06-18,2305.5386,586571.2915,12.8156,-2.7853,0.5316,3874.9708,,2025-06-18,2.7708
2025-06-17,2203.9982,585020.4888,12.7818,-2.7983,0.5092,3870.3786,,2025-06-17,1.7786
2025-06-16,2468.6098,584881.5321,12.7787,-1.8813,0.5707,3873.7951,,2025-06-16,3.9951
2025-06-13,3091.7235,578820.1760,12.7195,-1.1984,0.7192,3864.1822,,2025-06-13,7.7822
2025-06-12,2602.3958,581559.3471,12.7797,1.7004,0.6020,3892.1992,,2025-06-12,8.5992
2025-06-11,2572.1770,582653.2175,12.8038,0.2250,0.5945,3894.6252,,2025-06-11,15.8252
2025-06-10,2636.4755,570081.2429,12.5275,-2.8885,0.6136,3865.4652,,2025-06-10,24.4652
2025-06-09,2620.2367,572068.8878,12.5712,-1.9222,0.6075,3885.2459,,2025-06-09,17.4459
2025-06-06,2020.3474,571624.9361,12.5614,-4.5043,0.4693,3873.9841,,2025-06-06,18.5841
2025-06-05,2317.4928,571759.8358,12.5644,-6.2171,0.5384,3877.5557,,2025-06-05,25.5557
2025-06-04,2117.3618,570434.8897,12.5353,-9.4370,0.4931,3868.7429,,2025-06-04,26.3429
2025-06-03,2267.8277,568878.0750,12.5011,-12.2926,0.5298,3852.0127,,2025-06-03,27.2127
2025-05-30,1993.8975,567082.8842,12.4616,-12.7503,0.4670,3840.2323,,2025-05-30,17.8323
2025-05-29,2094.5960,568307.5628,12.4885,-10.3966,0.4890,3858.6998,,2025-05-29,25.8998
2025-05-28,1624.9637,566232.0137,12.4429,-9.9603,0.3810,3836.2366,,2025-05-28,31.2366
2025-05-27,1784.6676,566628.8399,12.4516,-4.3222,0.4185,3839.3969,,2025-05-27,30.1969
2025-05-26,2088.7679,568268.0404,12.4877,3.8891,0.4880,3860.1067,,2025-05-26,28.9067
2025-05-23,2329.4538,570961.0323,12.5468,11.9300,0.5414,3882.2741,,2025-05-23,36.0741
2025-05-22,1975.1141,575589.8458,12.6486,18.7436,0.4552,3913.8651,,2025-05-22,34.2651
2025-05-21,2170.3774,575613.8878,12.6491,21.1537,0.5002,3916.3807,,2025-05-21,35.1807
2025-05-20,2016.3670,572963.8278,12.5909,22.3257,0.4670,3898.1705,,2025-05-20,32.7705
2025-05-19,1848.8817,569998.7161,12.5257,25.7216,0.4300,3877.1453,,2025-05-19,33.9453
2025-05-16,2088.3566,571608.2281,12.5611,33.0362,0.4841,3889.0854,,2025-05-16,43.0854
2025-05-15,2414.6494,574985.8890,12.6353,39.3717,0.5562,3907.1992,,2025-05-15,34.3992
2025-05-14,3194.6523,578807.3696,12.7193,42.4782,0.7310,3943.2108,,2025-05-14,35.8108
2025-05-13,2675.8640,572076.1004,12.5713,36.6716,0.6196,3896.2583,,2025-05-13,45.2583
2025-05-12,2961.2295,570479.9677,12.5363,34.1792,0.6877,3890.6096,,2025-05-12,37.6096
2025-05-09,2166.9794,566052.7093,12.4390,28.9053,0.5078,3846.1566,,2025-05-09,37.5566
2025-05-08,2469.8728,566224.8600,12.4451,27.6610,0.5789,3852.8963,,2025-05-08,36.8963
2025-05-07,2860.1074,564540.5790,12.4081,22.6302,0.6730,3831.6270,,2025-05-07,46.6270
2025-05-06,2679.3709,559430.2395,12.2957,17.7832,0.6360,3808.5424,,2025-05-06,42.3424
2025-04-30,2448.2046,555469.7471,12.2087,14.0868,0.5856,3770.5705,,2025-04-30,54.3705
2025-04-29,1974.6274,559029.0081,12.3047,15.6316,0.4701,3775.0767,,2025-04-29,50.2767
2025-04-28,2106.3532,560913.4614,12.3204,16.8105,0.4998,3781.6188,,2025-04-28,51.0188
2025-04-25,2205.3505,560193.6022,12.2609,16.9490,0.5234,3786.9937,,2025-04-25,47.7937
2025-04-24,2054.8305,560904.0804,12.2906,15.7151,0.4870,3784.3574,,2025-04-24,47.5574
2025-04-23,2471.1739,559661.3084,12.2687,14.0877,0.5869,3786.8824,,2025-04-23,52.8824
2025-04-22,2102.0070,560315.0478,12.2931,10.9747,0.4992,3783.9522,,2025-04-22,50.9522
2025-04-21,2080.8568,558745.7524,12.2489,6.9139,0.4952,3784.8806,,2025-04-21,51.6806
2025-04-18,1731.0938,559348.0177,12.2633,0.9348,0.4123,3772.5230,,2025-04-18,63.7230
2025-04-17,2090.1232,558620.7275,12.2539,-4.8741,0.4980,3772.2221,,2025-04-17,61.6221
2025-04-16,2617.1109,558623.8764,12.2560,-12.3774,0.6236,3772.8204,,2025-04-16,82.0204
2025-04-15,2286.0462,555026.8134,12.1718,-22.1575,0.5479,3761.2348,,2025-04-15,70.8348
2025-04-14,2925.7130,553107.8382,12.1405,-32.3160,0.7032,3759.1422,,2025-04-14,64.3422
2025-04-11,3185.3514,550287.7726,12.0907,-44.2421,0.7687,3750.5167,,2025-04-11,63.9167
2025-04-10,4038.4256,548952.1432,12.0675,-56.7783,0.9767,3735.1151,,2025-04-10,62.1151
2025-04-09,4550.3107,544524.9470,11.9692,-68.0203,1.1114,3686.7943,,2025-04-09,72.7943
2025-04-08,4640.2109,541300.6056,11.9030,-69.7602,1.1414,3650.7590,,2025-04-08,106.9590
2025-04-07,5129.7179,530757.2015,11.6708,-58.9435,1.2864,3589.4406,,2025-04-07,136.8406
2025-04-03,2636.8468,564938.0724,12.4221,-24.1031,0.6187,3861.5034,,2025-04-03,24.5034
2025-04-02,1982.6752,565715.4498,12.4376,-21.9507,0.4638,3884.3858,,2025-04-02,26.7858
2025-04-01,2460.4167,565566.3420,12.4337,-21.4761,0.5756,3887.6841,,2025-04-01,28.0841
2025-03-31,2684.8032,566131.1292,12.3762,-19.8099,0.6280,3887.3056,,2025-03-31,28.7056
2025-03-28,2133.7919,567379.2883,12.4347,-15.7111,0.4969,3915.1662,,2025-03-28,31.1662
2025-03-27,2321.7361,570701.7913,12.5328,-13.8966,0.5379,3932.4117,,2025-03-27,27.8117
2025-03-26,2209.4316,568649.4846,12.5019,-13.7739,0.5135,3919.3566,,2025-03-26,27.5566
2025-03-25,2392.4631,569994.1610,12.5462,-10.2409,0.5545,3932.2951,,2025-03-25,27.8951
2025-03-24,2660.5144,569372.4728,12.5521,-6.9058,0.6174,3934.8486,,2025-03-24,34.6486
2025-03-21,3093.4861,566423.3921,12.5449,-2.0876,0.7216,3914.6956,,2025-03-21,31.8956
2025-03-20,2600.2068,573333.1869,12.7014,9.2923,0.5987,3974.9918,,2025-03-20,-2.6082
2025-03-19,2860.7530,577448.0673,12.8486,13.7995,0.6536,4010.1680,,2025-03-19,-3.0320
2025-03-18,2927.3932,576396.7995,12.8270,12.1138,0.6695,4007.7229,,2025-03-18,2.1229
2025-03-17,3189.0442,575994.5107,12.8162,8.3997,0.7299,3996.7876,,2025-03-17,0.7876
2025-03-14,4508.9528,575778.4365,12.8186,3.5332,1.0316,4006.5567,,2025-03-14,-6.2433
2025-03-13,2951.7311,563349.7397,12.5424,-6.9507,0.6913,3911.5793,,2025-03-13,6.7793
2025-03-12,3096.2727,564008.9318,12.5570,-4.1769,0.7241,3927.2315,,2025-03-12,4.0315
2025-03-11,2874.8045,565965.4631,12.6012,-3.0365,0.6693,3941.4157,,2025-03-11,11.4157
2025-03-10,2925.7499,563878.3965,12.5548,-4.3140,0.6837,3928.8018,,2025-03-10,11.0018
2025-03-07,3406.2670,566852.9991,12.6217,-3.8959,0.7922,3944.0143,,2025-03-07,0.2143
2025-03-06,3974.1943,568199.4260,12.6516,-6.4900,0.9223,3956.2369,,2025-03-06,2.0369
2025-03-05,2908.6048,562997.6748,12.5358,-13.0781,0.6822,3902.5706,,2025-03-05,7.9706
2025-03-04,2977.3925,558972.2374,12.4462,-12.0937,0.7026,3885.2208,,2025-03-04,3.0208
2025-03-03,3560.5774,561959.7721,12.5359,-6.5531,0.8366,3888.4738,,2025-03-03,1.8738
2025-02-28,4203.0804,562950.9464,12.5543,1.5542,0.9868,3890.0487,,2025-02-28,-9.7513
2025-02-27,4282.7279,572193.4575,12.7363,13.3960,0.9886,3968.1159,,2025-02-27,-5.4841
2025-02-26,3864.5819,570273.4537,12.6946,14.6349,0.8952,3959.9413,,2025-02-26,2.7413
2025-02-25,3779.8145,566410.6879,12.6115,16.4643,0.8818,3925.6505,,2025-02-25,-2.9495
2025-02-24,4550.8875,572829.8655,12.7566,24.4543,1.0503,3969.7169,,2025-02-24,2.5169
2025-02-21,5046.4549,575065.6109,12.8030,25.7085,1.1622,3978.4440,,2025-02-21,-3.1560
2025-02-20,3259.7243,569930.4136,12.7030,23.3963,0.7564,3928.8959,,2025-02-20,2.0959
2025-02-19,3636.8037,571661.0826,12.7416,27.5481,0.8507,3940.1602,,2025-02-19,0.7602
2025-02-18,4001.8623,569796.7703,12.7000,29.3669,0.9399,3912.7829,,2025-02-18,-5.4171
2025-02-17,4309.2958,572585.0502,12.7622,35.2806,1.0065,3947.3983,,2025-02-17,-0.8017
2025-02-14,3609.7424,571706.2872,12.7430,34.7157,0.8444,3939.0085,,2025-02-14,-5.3915
2025-02-13,3764.7345,567725.6622,12.6554,32.7474,0.8868,3905.1398,,2025-02-13,-4.8602
2025-02-12,3548.3060,569034.4369,12.6841,34.0194,0.8342,3919.8617,,2025-02-12,1.4617
2025-02-11,3378.6606,564437.9738,12.5817,30.5789,0.8005,3883.1352,,2025-02-11,-0.0648
2025-02-10,3849.6834,564416.8054,12.5820,30.5082,0.9111,3901.0618,,2025-02-10,2.0618
2025-02-07,4873.8156,562994.7944,12.5503,24.8016,1.1549,3892.7028,,2025-02-07,-5.0972
2025-02-06,3718.9197,557869.7163,12.4360,16.0439,0.8909,3842.8314,,2025-02-06,1.2314
2025-02-05,3460.1620,552511.2743,12.3184,11.6946,0.8371,3795.0848,,2025-02-05,6.2848
2025-01-27,2829.4013,558035.9490,12.4424,14.3680,0.6777,3817.0802,,2025-01-27,22.0802
2025-01-24,2964.7438,557061.2268,12.4283,13.8628,0.7114,3832.8637,,2025-01-24,-10.9363
2025-01-23,3451.9807,554698.5423,12.3824,9.6458,0.8343,3803.7439,,2025-01-23,5.1439
2025-01-22,2987.4564,550853.5229,12.2966,9.0537,0.7262,3797.0166,,2025-01-22,6.2166
2025-01-21,2850.7335,556049.0690,12.4137,9.7698,0.6859,3832.6145,,2025-01-21,1.0145
2025-01-20,2921.7545,557084.6661,12.4341,3.9270,0.7026,3829.6764,,2025-01-20,2.6764
2025-01-17,2654.3749,557021.0972,12.4383,-4.0086,0.6394,3812.3429,,2025-01-17,5.1429
2025-01-16,3057.3463,556787.1724,12.4335,-11.6739,0.7372,3800.3836,,2025-01-16,8.1836
2025-01-15,2788.5060,554969.0708,12.3986,-19.3756,0.6738,3796.0260,,2025-01-15,1.4260
2025-01-14,3454.6148,557487.8254,12.4651,-28.0817,0.8305,3820.5395,,2025-01-14,3.7395
2025-01-13,2478.6195,546132.7927,12.2103,-43.6120,0.6092,3722.5130,,2025-01-13,-1.4870
2025-01-10,2753.5421,548216.4480,12.2569,-43.8794,0.6743,3732.4806,,2025-01-10,4.4806
2025-01-09,2514.8600,554957.6373,12.4076,-41.9234,0.6088,3779.8773,,2025-01-09,7.6773
2025-01-08,3009.6573,558545.8150,12.4878,-44.3651,0.7246,3789.2153,,2025-01-08,8.0153
2025-01-07,2668.5580,557989.4653,12.4754,-46.0212,0.6421,3796.1055,,2025-01-07,6.5055
2025-01-06,2628.0354,554946.9015,12.4074,-45.9483,0.6354,3768.9697,,2025-01-06,6.9697
2025-01-03,3043.2276,556174.4951,12.4348,-36.3614,0.7354,3775.1648,,2025-01-03,-3.8352
2025-01-02,3886.3659,561823.1010,12.5611,-19.3517,0.9295,3820.3952,,2025-01-02,2.5952
2024-12-31,3478.8044,578297.4494,12.9294,-0.0029,0.8084,3934.9109,,2024-12-31,13.9109
2024-12-30,3226.9939,585328.9375,13.0866,7.2800,0.7399,3999.0549,,2024-12-30,-4.3451
2024-12-27,3450.1108,581690.2321,13.0053,4.9608,0.7952,3981.0307,,2024-12-27,-5.9693
2024-12-26,3057.6993,582336.6486,13.0197,4.2746,0.7040,3987.4801,,2024-12-26,-2.9199
2024-12-25,2992.9515,583652.5203,13.0492,1.2858,0.6883,3985.6291,,2024-12-25,-1.1709
2024-12-24,3103.8487,581095.8435,12.9920,-3.4213,0.7161,3983.6882,,2024-12-24,-5.1118
2024-12-23,3540.6343,573534.5181,12.8229,-10.4529,0.8276,3933.5718,,2024-12-23,-3.8282
2024-12-20,3321.4328,569413.5974,12.7308,-10.8074,0.7802,3927.7441,,2024-12-20,-8.2559
2024-12-19,3217.7161,571983.7789,12.7883,-9.5359,0.7521,3945.4635,,2024-12-19,0.6635
2024-12-18,2768.2538,573197.9560,12.8154,-10.6109,0.6456,3941.8900,,2024-12-18,1.6900
2024-12-17,3060.3737,569872.3034,12.7411,-11.0384,0.7174,3922.0334,,2024-12-17,-0.3666
2024-12-16,3276.1908,569009.6691,12.7218,-7.1199,0.7695,3911.8416,,2024-12-16,0.4416
2024-12-13,4214.7861,562076.7629,12.6559,1.3965,0.9998,3933.1808,,2024-12-13,-1.8192
2024-12-12,3336.6752,573354.2233,12.9098,10.0897,0.7743,4028.5048,,2024-12-12,-10.2952
2024-12-11,3107.1332,567587.3061,12.7799,3.2768,0.7283,3988.8308,,2024-12-11,-5.1692
2024-12-10,4872.7804,569552.2029,12.8242,-0.1783,1.1392,3995.6369,,2024-12-10,-4.7631
2024-12-09,3082.2722,565991.8399,12.7440,-7.4402,0.7254,3966.5708,,2024-12-09,3.1708
2024-12-06,3517.5174,565765.0352,12.7389,-12.8643,0.8283,3973.1405,,2024-12-06,5.1405
2024-12-05,2577.1630,559559.0156,12.5992,-22.1862,0.6140,3921.5881,,2024-12-05,2.9881
2024-12-04,3120.4042,561291.3240,12.6382,-25.1583,0.7414,3930.5568,,2024-12-04,5.7568
2024-12-03,3272.9505,561483.8587,12.6425,-30.1561,0.7759,3951.8912,,2024-12-03,6.2912
2024-12-02,3685.9124,558547.5175,12.5764,-40.5773,0.8773,3947.6320,,2024-12-02,5.6320
2024-11-29,3752.6202,555151.6942,12.4999,-53.6775,0.9012,3916.5832,,2024-11-29,5.5832
2024-11-28,2864.3287,551004.2436,12.4066,-64.6486,0.6937,3872.5505,,2024-11-28,0.1505
2024-11-27,3206.3236,555137.2638,12.4996,-68.8563,0.7705,3907.0447,,2024-11-27,5.6447
2024-11-26,2644.0325,546968.6415,12.3157,-78.1477,0.6452,3840.1847,,2024-11-26,4.1847
2024-11-25,3490.0677,546400.3044,12.3029,-74.3835,0.8517,3848.0909,,2024-11-25,9.0909
2024-11-22,3975.6683,547919.3012,12.3371,-65.6139,0.9666,3865.6989,,2024-11-22,4.8989
2024-11-21,3242.3501,563096.0237,12.6788,-51.8379,0.7657,3989.2979,,2024-11-21,0.0979
2024-11-20,3475.7769,562971.3447,12.6760,-53.0491,0.8214,3985.7727,,2024-11-20,5.7727
2024-11-19,4026.1097,562034.7622,12.6549,-52.3714,0.9534,3976.8912,,2024-11-19,3.6912
2024-11-18,4724.0805,560674.2354,12.6243,-47.8392,1.1220,3950.3806,,2024-11-18,-4.2194
2024-11-15,4740.7969,560151.8850,12.6125,-34.1368,1.1275,3968.8308,,2024-11-15,-6.3692
2024-11-14,4641.5756,566996.0679,12.7666,-16.2793,1.0888,4039.6191,,2024-11-14,-2.1809
2024-11-13,5127.3430,574124.6869,12.9271,-4.0682,1.1868,4110.8901,,2024-11-13,-1.9099
2024-11-12,6603.8052,569666.0505,12.8268,-2.0445,1.5388,4085.7430,,2024-11-12,1.9430
2024-11-11,6256.0594,576435.0270,12.9792,3.1758,1.4412,4131.1312,,2024-11-11,-2.0688
2024-11-08,6884.4656,576281.9916,12.9757,-1.3113,1.5884,4104.0470,,2024-11-08,-8.1530
2024-11-07,6581.4592,581939.8815,13.1042,-6.1413,1.5042,4145.6952,,2024-11-07,-38.1048
2024-11-06,6391.2409,566311.3917,12.7523,-25.1156,1.5025,4024.2831,,2024-11-06,-16.5169
2024-11-05,5809.7185,569628.0731,12.8270,-31.8871,1.3590,4044.5725,,2024-11-05,-23.4275
2024-11-04,3810.4861,557913.1034,12.5632,-47.5699,0.9108,3944.7619,,2024-11-04,-14.2381
2024-11-01,4764.7295,552640.5435,12.4445,-51.8178,1.1509,3890.0203,,2024-11-01,-14.9797
2024-10-31,5155.3382,550294.7874,12.3910,-46.8175,1.2496,3891.0396,,2024-10-31,-1.9604
2024-10-30,3850.1058,550794.5542,12.6339,-39.0236,0.9322,3889.4487,,2024-10-30,-6.5513
2024-10-29,4296.2502,556656.0694,12.8074,-27.0630,1.0301,3924.6490,,2024-10-29,-15.3510
2024-10-28,3904.5018,561588.6034,12.8785,-17.0891,0.9272,3964.1569,,2024-10-28,-8.0431
2024-10-25,4122.3138,561719.5164,12.8649,-12.0946,0.9800,3956.4210,,2024-10-25,-1.5790
2024-10-24,3404.8688,560354.6288,12.8262,-5.9039,0.8122,3928.8334,,2024-10-24,-8.1666
2024-10-23,4691.2081,565365.5940,12.9479,5.6763,1.1087,3973.2089,,2024-10-23,-9.5911
2024-10-22,4428.8185,563415.8428,12.9226,10.2106,1.0508,3957.7755,,2024-10-22,-11.0245
2024-10-21,6001.0960,561480.9704,12.9631,15.3243,1.4315,3935.1974,,2024-10-21,-7.2026
2024-10-18,6206.7370,562119.0322,12.9990,22.4268,1.4794,3925.2340,,2024-10-18,-9.1660
2024-10-17,3691.7052,546782.7906,12.6465,29.5953,0.9060,3788.2217,,2024-10-17,3.8217
2024-10-16,3773.0132,552783.5556,12.7853,62.2226,0.9153,3831.5890,,2024-10-16,-0.4110
2024-10-15,4344.1092,554067.3686,12.8142,96.1155,1.0499,3855.9949,,2024-10-15,3.7949
2024-10-14,5340.7660,570074.3708,13.1862,133.2803,1.2556,3961.3424,,2024-10-14,-1.8576
2024-10-11,4849.9827,558729.7293,12.9238,156.4238,1.1620,3887.1670,,2024-10-11,-17.2330
2024-10-10,7179.5222,570789.9767,13.2012,192.3033,1.6802,3997.7879,,2024-10-10,-13.0121
2024-10-09,10290.3206,560869.7651,12.9729,208.4394,2.4491,3955.9839,,2024-10-09,21.9839
2024-10-08,11303.8744,599653.5348,13.8700,223.4645,2.5046,4256.0962,,2024-10-08,-5.1038
2024-09-30,8625.2881,573284.6745,13.2601,166.5921,2.0007,4017.8545,,2024-09-30,-142.7455
2024-09-27,4666.9276,532907.8409,12.3262,110.2080,1.1670,3703.6849,,2024-09-27,-124.1151
2024-09-26,3739.8364,519332.6162,12.0122,75.3863,0.9650,3545.3204,,2024-09-26,-42.6796
2024-09-25,3568.6258,502277.7975,11.6177,46.5517,0.9552,3401.5330,,2024-09-25,-3.0670
2024-09-24,3078.7953,496015.0693,11.4728,26.9868,0.8352,3351.9090,,2024-09-24,-7.8910
2024-09-23,1438.7617,475782.6340,11.0048,4.8417,0.4074,3212.7639,,2024-09-23,5.9639
2024-09-20,1639.8505,473045.2757,10.9415,-1.2399,0.4671,3201.0497,,2024-09-20,7.4497
2024-09-19,1817.8511,471429.6656,10.9042,-7.1162,0.5191,3196.0357,,2024-09-19,-2.3643
2024-09-18,1234.5215,469753.9303,10.8654,-13.5426,0.3540,3171.0102,,2024-09-18,-0.5898
2024-09-13,1374.4891,466098.4767,10.7809,-16.2596,0.3966,3159.2470,,2024-09-13,1.2470
2024-09-12,1363.8724,466834.4264,10.7979,-15.5815,0.3921,3172.4747,,2024-09-12,-2.3253
2024-09-11,1415.1384,467947.0146,10.8236,-14.6914,0.4058,3186.1299,,2024-09-11,3.1299
2024-09-10,1336.1048,472633.7218,10.9320,-13.6813,0.3802,3195.7552,,2024-09-10,7.5552
2024-09-09,1465.1605,470525.9336,10.8833,-11.7969,0.4181,3192.9516,,2024-09-09,3.7516
2024-09-06,1215.4155,476456.2371,11.0204,-6.1940,0.3427,3231.3457,,2024-09-06,4.7457
2024-09-05,1346.1820,479229.8450,11.0846,-3.5592,0.3769,3257.7578,,2024-09-05,3.7578
2024-09-04,1400.7006,479905.9122,11.1002,-3.4630,0.3920,3252.1649,,2024-09-04,2.1649
2024-09-03,1550.8949,484163.3800,11.1987,-0.9205,0.4306,3273.4282,,2024-09-03,6.4282
2024-09-02,1944.1000,486774.2332,11.2591,-0.1692,0.5374,3265.0110,,2024-09-02,5.2110
2024-08-30,2683.7604,492035.8898,11.2640,3.7023,0.7340,3321.4323,,2024-08-30,-0.9677
2024-08-29,1743.4011,489921.7404,11.2722,-0.9762,0.4805,3277.6812,,2024-08-29,2.4812
2024-08-28,1359.8231,495771.0118,11.4297,1.5080,0.3713,3286.4956,,2024-08-28,5.0956
2024-08-27,1297.5596,498823.9294,11.4969,4.5040,0.3519,3305.3338,,2024-08-27,1.1338
2024-08-26,1390.7060,497992.3426,11.4903,6.0306,0.3769,3324.2231,,2024-08-26,3.4231
2024-08-23,1326.8089,497864.9899,11.5069,5.0909,0.3593,3327.1905,,2024-08-23,5.3905
2024-08-22,1477.0279,496041.6539,11.4826,3.5592,0.4015,3313.1357,,2024-08-22,11.3357
2024-08-21,1300.0599,495477.4381,11.4715,4.6960,0.3535,3321.6350,,2024-08-21,9.2350
2024-08-20,1379.1059,497157.4888,11.5127,5.4152,0.3738,3332.7034,,2024-08-20,12.7034
2024-08-19,1434.2167,499839.4216,11.5889,4.9021,0.3864,3356.9677,,2024-08-19,8.7677
2024-08-16,1358.8532,496631.0948,11.5172,-0.2019,0.3683,3345.6340,,2024-08-16,10.4340
2024-08-15,1492.4934,494417.5040,11.4667,-4.9365,0.4058,3341.9530,,2024-08-15,2.1530
2024-08-14,1181.8195,489435.9399,11.3528,-10.2451,0.3245,3309.2389,,2024-08-14,5.0389
2024-08-13,1252.5916,491359.0025,11.3965,-10.1310,0.3420,3334.3903,,2024-08-13,4.3903
2024-08-12,1175.4489,489586.4598,11.3541,-13.1956,0.3219,3325.8645,,2024-08-12,0.0645
2024-08-09,1428.5217,490074.6491,11.3643,-14.2545,0.3909,3331.6274,,2024-08-09,6.2274
2024-08-08,1494.8293,490429.9134,11.3859,-14.9823,0.4086,3342.9369,,2024-08-08,3.5369
2024-08-07,1450.7898,490322.0355,11.3895,-16.3023,0.3969,3341.4890,,2024-08-07,8.8890
2024-08-06,1817.2469,489789.7776,11.3771,-15.9135,0.4976,3342.9789,,2024-08-06,6.7789
2024-08-05,2236.3127,491227.7737,11.4108,-13.4883,0.6112,3343.3205,,2024-08-05,0.5205
2024-08-02,1796.7119,497525.3989,11.5714,-7.8410,0.4850,3384.3919,,2024-08-02,4.7919
2024-08-01,2060.3800,501629.2730,11.6668,-5.8685,0.5512,3419.2666,,2024-08-01,2.0666
2024-07-31,2582.4915,503020.1002,11.7009,-8.6904,0.6880,3442.0844,,2024-07-31,-2.3156
2024-07-30,1654.4282,496632.7496,11.5491,-16.4919,0.4478,3369.3821,,2024-07-30,9.7821
2024-07-29,1666.9710,500441.4521,11.6374,-12.1657,0.4475,3390.7420,,2024-07-29,8.5420
2024-07-26,1878.5333,500277.3445,11.6398,-8.0667,0.5037,3409.2931,,2024-07-26,11.8931
2024-07-25,1901.3146,502303.0749,11.6868,-4.1451,0.5094,3399.2716,,2024-07-25,18.6716
2024-07-24,1848.8450,506252.7197,11.7787,4.9544,0.4918,3418.1663,,2024-07-24,15.7663
2024-07-23,2028.5756,507388.9321,11.8051,15.6505,0.5379,3439.8779,,2024-07-23,10.0779
2024-07-22,2174.5732,514131.5557,11.9624,27.4437,0.5675,3514.9249,,2024-07-22,22.5249
2024-07-19,2280.6510,519383.3941,12.0846,29.1969,0.5899,3539.0156,,2024-07-19,28.8156
2024-07-18,2157.8380,518516.9244,12.0645,25.2615,0.5595,3520.9310,,2024-07-18,5.7310
2024-07-17,2228.3080,514897.7823,11.9800,21.2739,0.5808,3501.5836,,2024-07-17,8.3836
2024-07-16,2004.5629,516945.4500,12.0276,17.8854,0.5217,3498.2827,,2024-07-16,12.4827
2024-07-15,1715.8492,515626.6870,11.9969,12.5460,0.4479,3476.2467,,2024-07-15,15.2467
2024-07-12,2050.5555,512349.1529,11.9195,8.4207,0.5378,3472.4014,,2024-07-12,10.8014
2024-07-11,2375.5130,512188.3771,11.9041,2.9189,0.6241,3468.1690,,2024-07-11,12.3690
2024-07-10,1981.4948,509140.7377,11.8333,-4.2097,0.5248,3428.9657,,2024-07-10,16.5657
2024-07-09,2150.4884,511799.9289,11.8951,-6.2053,0.5670,3439.8111,,2024-07-09,21.6111
2024-07-08,1775.5977,507131.8908,11.7866,-10.0517,0.4731,3401.7604,,2024-07-08,22.5604
2024-07-05,1814.1657,508671.0542,11.8224,-6.5948,0.4808,3431.0605,,2024-07-05,26.2605
2024-07-04,1594.7715,512817.8384,11.9187,-5.5266,0.4196,3445.8128,,2024-07-04,26.8128
2024-07-03,1630.3536,513961.0353,11.9453,-5.4203,0.4278,3463.4141,,2024-07-03,25.2141
2024-07-02,1861.0475,515779.2965,11.9876,-7.4578,0.4865,3471.7857,,2024-07-02,27.1857
2024-07-01,1880.1823,513682.8588,11.9388,-10.8855,0.4925,3478.1827,,2024-07-01,29.5827
2024-06-28,2051.1881,509569.7406,11.8432,-15.8694,0.5411,3461.6570,,2024-06-28,26.2570
2024-06-27,1741.1251,505916.3723,11.7583,-18.2912,0.4619,3454.1175,,2024-06-27,24.1175
2024-06-26,1715.3811,507450.0577,11.7940,-18.3102,0.4527,3480.2648,,2024-06-26,33.0648
2024-06-25,1908.8634,505601.1434,11.7510,-21.4204,0.5057,3457.9023,,2024-06-25,30.1023
2024-06-24,1957.8755,507352.7547,11.7917,-19.3907,0.5168,3476.8102,,2024-06-24,26.8102
2024-06-21,1827.3674,508879.8099,11.8272,-17.8122,0.4807,3495.6198,,2024-06-21,32.6198
2024-06-20,1865.1578,510116.4438,11.8560,-17.1361,0.4890,3503.2817,,2024-06-20,-1.7183
2024-06-19,1847.9030,511198.5846,11.8811,-15.7512,0.4828,3528.7490,,2024-06-19,1.1490
2024-06-18,2088.2412,511259.2265,11.8825,-17.0391,0.5442,3545.5902,,2024-06-18,8.3902
2024-06-17,2322.9385,509435.0852,11.8401,-20.7844,0.6072,3536.1986,,2024-06-17,8.5986
2024-06-14,2837.6882,508410.5193,11.9442,-22.8573,0.7436,3541.5331,,2024-06-14,7.9331
2024-06-13,2147.9234,507142.6756,11.9144,-25.1627,0.5650,3526.1306,,2024-06-13,8.5306
2024-06-12,2007.2260,508341.7504,11.9426,-23.5068,0.5263,3544.1225,,2024-06-12,12.9225
2024-06-11,2192.8234,507477.6756,11.9223,-22.5609,0.5754,3542.8771,,2024-06-11,6.2771
2024-06-07,2130.0153,512544.9283,12.0413,-18.9950,0.5539,3574.1143,,2024-06-07,15.3143
2024-06-06,2267.6407,513698.6229,12.0684,-18.2440,0.5870,3592.2454,,2024-06-06,7.8454
2024-06-05,1826.3960,513192.5207,12.0565,-19.4469,0.4734,3594.7936,,2024-06-05,10.7936
2024-06-04,1957.9097,515840.2201,12.1187,-20.5599,0.5050,3615.6714,,2024-06-04,18.0714
2024-06-03,2227.5693,513514.9571,12.0641,-25.2395,0.5775,3588.7483,,2024-06-03,16.1483
2024-05-31,1807.0760,511503.5310,12.0168,-25.5589,0.4701,3579.9247,,2024-05-31,8.1247
2024-05-30,1930.6965,513234.8394,12.0575,-22.6725,0.5002,3594.3121,,2024-05-30,8.3121
2024-05-29,1790.7281,516471.4723,12.1336,-19.7324,0.4608,3613.5223,,2024-05-29,17.3223
2024-05-28,1843.8127,515670.9921,12.1147,-18.0170,0.4748,3609.1724,,2024-05-28,12.7724
2024-05-27,2061.4374,517827.5928,12.1654,-13.6731,0.5283,3635.7079,,2024-05-27,18.3079
2024-05-24,1953.4474,511941.1672,12.0271,-11.8539,0.5066,3601.4754,,2024-05-24,12.4754
2024-05-23,2142.0504,516585.7442,12.1362,-1.8898,0.5500,3641.7917,,2024-05-23,12.5917
2024-05-22,2308.3937,521737.4321,12.2573,5.0116,0.5868,3684.4510,,2024-05-22,18.0510
2024-05-21,1965.7535,521271.2620,12.2463,5.9654,0.5002,3676.1611,,2024-05-21,13.9611
2024-05-20,2799.7134,522596.9689,12.2775,7.7437,0.7104,3690.9623,,2024-05-20,15.9623
2024-05-17,2477.2953,519945.6130,12.2152,6.0084,0.6317,3677.9696,,2024-05-17,8.9696
2024-05-16,2402.8895,515570.7720,12.1124,4.5001,0.6187,3640.3592,,2024-05-16,17.3592
2024-05-15,1914.8097,513889.7821,12.0729,8.5153,0.4949,3626.0559,,2024-05-15,-3.5441
2024-05-14,2146.4355,517769.9629,12.1641,16.2773,0.5507,3657.0454,,2024-05-14,1.4454
2024-05-13,2496.8847,519320.8423,12.2005,20.1756,0.6390,3664.6907,,2024-05-13,3.0907
2024-05-10,2337.3056,519641.2356,12.2080,22.3965,0.5980,3666.2771,,2024-05-10,1.2771
2024-05-09,2326.9493,518678.1464,12.1823,23.0625,0.5960,3664.5610,,2024-05-09,0.9610
2024-05-08,1999.2346,516103.9961,12.1218,21.9461,0.5152,3630.2233,,2024-05-08,1.6233
2024-05-07,2473.6835,518674.7153,12.1822,24.8061,0.6338,3659.0076,,2024-05-07,1.0076
2024-05-06,3332.7047,517603.7055,12.1571,20.9970,0.8554,3657.8767,,2024-05-06,1.6767
2024-04-30,2866.7416,513814.6429,12.0681,13.0481,0.7435,3604.3943,,2024-04-30,-5.8057
2024-04-29,3587.0971,514872.3596,11.9441,9.8964,0.9276,3623.9124,,2024-04-29,-7.6876
2024-04-26,3080.4506,512883.8580,11.8422,-0.1564,0.8013,3584.2686,,2024-04-26,-3.3314
2024-04-25,1845.2462,507666.1159,11.7190,-8.2951,0.4862,3530.2813,,2024-04-25,-3.1187
2024-04-24,1952.9992,506176.6002,11.6887,-9.7789,0.5162,3521.6219,,2024-04-24,-1.9781
2024-04-23,2132.5723,504264.5679,11.6524,-9.7818,0.5664,3506.2249,,2024-04-23,-3.3751
2024-04-22,2295.1118,508091.3053,11.7383,-6.0851,0.6054,3530.9045,,2024-04-22,-4.6955
2024-04-19,2262.2952,511855.8253,11.8306,-4.9918,0.5937,3541.6619,,2024-04-19,-0.3381
2024-04-18,2613.2993,512975.9992,11.8561,-5.3304,0.6827,3569.8018,,2024-04-18,0.8018
2024-04-17,2449.8781,512884.7726,11.8563,-11.4834,0.6406,3565.4030,,2024-04-17,2.0030
2024-04-16,2533.1597,506109.6620,11.7005,-19.7914,0.6714,3511.1146,,2024-04-16,-2.8854
2024-04-15,2674.7248,509029.5893,11.7879,-20.7253,0.7040,3549.0759,,2024-04-15,2.6759
2024-04-12,2085.6620,497303.9854,11.5161,-28.6734,0.5617,3475.8389,,2024-04-12,3.4389
2024-04-11,2002.9348,500764.1934,11.5956,-24.5790,0.5359,3504.2447,,2024-04-11,-4.5553
2024-04-10,1997.5477,501303.5815,11.6081,-22.4162,0.5345,3504.7086,,2024-04-10,-3.8914
2024-04-09,1958.9353,503487.6913,11.6717,-17.9154,0.5214,3533.4871,,2024-04-09,-2.9129
2024-04-08,2432.4925,505407.1310,11.7064,-15.9082,0.6455,3536.4077,,2024-04-08,-5.3923
2024-04-03,2142.2290,507353.6062,11.7520,-12.8470,0.5653,3567.8031,,2024-04-03,-6.7969
2024-04-02,2202.0752,508252.8031,11.7825,-14.2164,0.5799,3580.6759,,2024-04-02,-8.9241
2024-04-01,2516.3727,508048.1140,11.7750,-18.8151,0.6622,3595.6466,,2024-04-01,-4.7534
2024-03-29,2017.4938,502641.6431,11.6589,-28.6602,0.5376,3537.4843,,2024-03-29,-1.7157
2024-03-28,2325.3081,498647.4325,11.5128,-31.2281,0.6244,3520.9648,,2024-03-28,-0.8352
2024-03-27,2164.0473,497696.8128,11.4909,-30.5552,0.5826,3502.7866,,2024-03-27,-2.0134
2024-03-26,2267.3073,501359.8807,11.5832,-24.5435,0.6049,3543.7467,,2024-03-26,0.9467
2024-03-25,2337.4726,498889.2937,11.5280,-22.6709,0.6267,3525.7634,,2024-03-25,-6.2366
2024-03-22,2488.5093,500111.7642,11.5488,-15.6448,0.6656,3545.0023,,2024-03-22,4.8023
2024-03-21,2331.6249,503889.8252,11.5937,-8.6464,0.6183,3581.0902,,2024-03-21,-3.1098
2024-03-20,2237.5210,504425.0160,11.6085,-5.7653,0.5931,3585.3838,,2024-03-20,0.3838
2024-03-19,2595.5345,502097.6725,11.5475,-3.2513,0.6907,3577.6303,,2024-03-19,-4.7697
2024-03-18,2953.1484,505045.2309,11.6189,0.8990,0.7811,3603.5280,,2024-03-18,-4.2720
2024-03-15,2439.9156,501048.4583,11.5280,0.4486,0.6506,3569.9930,,2024-03-15,-4.0070
2024-03-14,2638.0361,500602.7501,11.5129,4.8013,0.7050,3562.2229,,2024-03-14,-3.7771
2024-03-13,2668.9876,500769.0604,11.5102,11.2083,0.7121,3572.3610,,2024-03-13,-5.4390
2024-03-12,3399.9704,503954.4086,11.5955,16.7276,0.9010,3597.4939,,2024-03-12,-0.9061
2024-03-11,2864.1858,507619.4400,11.6835,17.3562,0.7569,3589.2635,,2024-03-11,-0.9365
2024-03-08,2253.7910,505145.1294,11.6272,16.9842,0.6003,3544.9099,,2024-03-08,3.9099
2024-03-07,2518.3953,501591.1782,11.5454,22.4660,0.6736,3529.7195,,2024-03-07,3.7195
2024-03-06,2482.9417,502591.6181,11.5684,30.9519,0.6620,3551.0481,,2024-03-06,5.8481
2024-03-05,2998.9593,505174.0599,11.6278,36.1660,0.7948,3565.5143,,2024-03-05,19.9143
2024-03-04,2977.1993,500680.7933,11.5256,37.2341,0.7960,3540.8686,,2024-03-04,9.8686
2024-03-01,2885.7562,498430.3941,11.4765,39.6942,0.7739,3537.8038,,2024-03-01,-2.1962
2024-02-29,2819.7190,496659.0789,11.4357,39.9101,0.7596,3516.0826,,2024-02-29,0.6826
2024-02-28,3283.0059,489691.4800,11.2743,40.4709,0.8981,3450.2598,,2024-02-28,-6.5402
2024-02-27,2444.8872,495100.6203,11.3801,50.6608,0.6620,3494.7874,,2024-02-27,-2.6126
2024-02-26,2389.5164,490304.0345,11.2692,53.0373,0.6533,3453.3585,,2024-02-26,7.9585
2024-02-23,2329.2606,497700.9225,11.4393,60.4370,0.6277,3489.7416,,2024-02-23,2.7416
2024-02-22,2250.9813,497743.4835,11.4399,59.5798,0.6073,3486.6747,,2024-02-22,2.6747
2024-02-21,2918.2354,492423.9083,11.3214,53.8737,0.7957,3456.8713,,2024-02-21,1.8713
2024-02-20,2184.5928,487132.3619,11.1997,46.5702,0.6031,3410.8542,,2024-02-20,23.8542
2024-02-19,2676.7415,485350.0547,11.1588,40.8262,0.7416,3403.8078,,2024-02-19,30.8078
2024-02-08,2702.3977,476340.7250,10.9530,30.2845,0.7609,3364.9297,,2024-02-08,11.3297
2024-02-07,2979.9766,475074.2782,10.9244,19.6004,0.8420,3343.6303,,2024-02-07,27.0303
2024-02-06,2850.4202,472983.8727,10.8724,6.1130,0.8109,3311.6922,,2024-02-06,8.6922
2024-02-05,2797.1314,461675.6237,10.6124,-8.4809,0.8186,3200.4218,,2024-02-05,29.2218
2024-02-02,2344.9515,456766.3074,10.5032,-7.4427,0.6930,3179.6276,,2024-02-02,14.2276
2024-02-01,2038.1506,459373.1646,10.5632,-0.0060,0.5975,3217.7109,,2024-02-01,4.1109
2024-01-31,2153.3335,461235.4770,10.6060,5.0007,0.6300,3215.3518,,2024-01-31,3.3518
2024-01-30,1995.9293,463142.0837,10.6516,13.9470,0.5804,3245.0387,,2024-01-30,7.6387
2024-01-29,2446.9801,470192.9767,10.8169,21.9231,0.7006,3303.9604,,2024-01-29,9.9604
2024-01-26,2381.4490,471880.1128,10.8529,21.7817,0.6784,3333.8213,,2024-01-26,6.2213
2024-01-25,2655.2112,470176.4744,10.8137,14.6984,0.7582,3342.9189,,2024-01-25,8.7189
2024-01-24,2190.3634,458521.6313,10.5458,1.4395,0.6406,3277.1089,,2024-01-24,13.1089
2024-01-23,1937.9117,450420.1731,10.3605,-5.2559,0.5764,3231.9329,,2024-01-23,19.7329
2024-01-22,2255.1003,449261.0265,10.3352,-5.1163,0.6729,3218.9016,,2024-01-22,39.9016
2024-01-19,1912.6181,455113.1739,10.4689,-0.6483,0.5628,3269.7763,,2024-01-19,27.7763
2024-01-18,2567.8454,456059.7785,10.4907,-2.6806,0.7545,3274.7286,,2024-01-18,25.5286
2024-01-17,1735.1639,451387.4567,10.3834,-5.5644,0.5154,3229.0820,,2024-01-17,6.6820
2024-01-16,1756.5059,459979.7774,10.5810,0.7282,0.5113,3300.8762,,2024-01-16,-0.5238
2024-01-15,1443.3172,457366.4309,10.5209,-2.8003,0.4227,3280.9195,,2024-01-15,0.7195
2024-01-12,1565.3602,456496.4739,10.5016,-3.0163,0.4588,3284.1667,,2024-01-12,-2.2333
2024-01-11,1809.7853,456948.6486,10.5120,-2.6648,0.5297,3295.6717,,2024-01-11,-1.9283
2024-01-10,1597.7765,456971.4954,10.5125,-3.1297,0.4682,3277.1290,,2024-01-10,-1.0710
2024-01-09,1722.7632,459913.0850,10.5801,1.2509,0.5022,3292.4994,,2024-01-09,0.0994
2024-01-08,1707.6164,459437.9559,10.5719,6.0785,0.4986,3286.0564,,2024-01-08,6.4564
2024-01-05,1822.5166,464247.8284,10.6826,15.6621,0.5262,3329.1114,,2024-01-05,-5.0886
2024-01-04,1655.1226,466452.7263,10.7333,21.9747,0.4757,3347.0519,,2024-01-04,-3.1481
2024-01-03,1650.9902,468515.4645,10.7808,27.7116,0.4715,3378.2971,,2024-01-03,-4.7029
2024-01-02,1840.9610,467870.7705,10.7659,29.4208,0.5263,3386.3522,,2024-01-02,-1.8478
2023-12-29,1935.7318,471730.3285,10.8547,29.3844,0.5484,3431.1099,,2023-12-29,-8.2901
2023-12-28,2458.5563,469538.3149,10.8043,19.1988,0.6994,3414.5403,,2023-12-28,-17.6597
2023-12-27,1409.2492,462665.5373,10.6461,6.2679,0.4081,3336.3572,,2023-12-27,-5.8428
2023-12-26,1216.9000,460085.2299,10.5868,2.6551,0.3538,3324.7902,,2023-12-26,-8.6098
2023-12-25,1218.3833,461707.1738,10.6241,0.6682,0.3525,3347.4508,,2023-12-25,-8.7492
2023-12-22,1673.3634,459955.4508,10.5838,-5.5186,0.4863,3337.2281,,2023-12-22,-10.7719
2023-12-21,1711.2078,458342.5874,10.5467,-11.1901,0.4986,3330.8698,,2023-12-21,-11.5302
2023-12-20,1412.9054,455581.1308,10.4831,-16.3722,0.4149,3297.5022,,2023-12-20,-12.0978
2023-12-19,1352.9366,459690.3656,10.5777,-14.8806,0.3936,3334.0412,,2023-12-19,-7.7588
2023-12-18,1423.0332,458827.7722,10.5578,-17.1612,0.4145,3329.3657,,2023-12-18,-5.6343
2023-12-15,1649.0702,459061.9862,10.5632,-16.9309,0.4798,3341.5517,,2023-12-15,-1.0483
2023-12-14,1502.4578,460974.3150,10.6072,-16.2097,0.4354,3351.9639,,2023-12-14,-0.4361
2023-12-13,1654.5593,462954.3753,10.6528,-14.4661,0.4771,3369.6050,,2023-12-13,1.6050
2023-12-12,1669.7996,469683.6048,10.8076,-12.7680,0.4740,3426.8030,,2023-12-12,-0.1970
2023-12-11,2197.6118,467816.2916,10.7648,-19.3924,0.6263,3419.4548,,2023-12-11,0.8548
2023-12-08,2030.3422,450080.5695,10.7074,-25.6436,0.5881,3399.4618,,2023-12-08,3.8618
2023-12-07,1609.4995,448761.2160,10.6760,-28.2718,0.4676,3391.2823,,2023-12-07,3.6823
2023-12-06,1721.4299,449177.9489,10.6859,-27.3990,0.4995,3399.5980,,2023-12-06,8.1980
2023-12-05,1648.4069,450204.5122,10.7104,-24.4753,0.4774,3394.2571,,2023-12-05,14.2571
2023-12-04,1646.6440,457869.8014,10.8927,-15.8426,0.4683,3460.1380,,2023-12-04,1.7380
2023-12-01,1760.7832,460182.8236,10.9478,-13.4157,0.4979,3482.8813,,2023-12-01,-1.1187
2023-11-30,1537.9018,461110.2110,10.9698,-12.3664,0.4335,3496.2028,,2023-11-30,-6.3972
2023-11-29,1559.4824,458786.9636,10.9145,-11.7326,0.4423,3488.3073,,2023-11-29,-9.0927
2023-11-28,1477.4054,462177.6328,10.9952,-7.5394,0.4159,3518.5232,,2023-11-28,-4.6768
2023-11-27,1559.7544,461887.2881,10.9883,-5.8213,0.4396,3511.9424,,2023-11-27,-5.2576
2023-11-24,1401.0200,465342.8156,11.0705,-0.7303,0.3923,3538.0087,,2023-11-24,-4.3913
2023-11-23,1414.9981,467518.7039,11.1223,2.6471,0.3941,3561.5204,,2023-11-23,-10.0796
2023-11-22,1360.4120,465697.3552,11.0789,3.5254,0.3805,3544.4162,,2023-11-22,-4.1838
2023-11-21,1759.2211,469131.9182,11.1606,8.6237,0.4878,3581.0674,,2023-11-21,-7.9326
2023-11-20,1574.4963,468475.5901,11.1450,9.0946,0.4374,3576.3233,,2023-11-20,-5.6767
2023-11-17,1396.2190,467505.4448,11.1220,10.6043,0.3889,3568.0685,,2023-11-17,-2.9315
2023-11-16,1466.2922,468673.8236,11.1498,14.3930,0.4077,3572.3641,,2023-11-16,-4.6359
2023-11-15,1889.3215,471982.3632,11.2285,18.9839,0.5212,3607.2454,,2023-11-15,-2.7546
2023-11-14,1659.3516,469196.1785,11.1622,18.2944,0.4609,3582.0584,,2023-11-14,-2.9416
2023-11-13,1648.2125,468741.2843,11.1514,21.5393,0.4581,3579.4141,,2023-11-13,-6.1859
2023-11-10,1669.2468,469234.4556,11.1631,26.2659,0.4634,3586.4893,,2023-11-10,-1.3107
2023-11-09,1893.5523,472124.7586,11.2253,31.0601,0.5223,3612.8263,,2023-11-09,-5.1737
2023-11-08,1925.9437,470761.1730,11.1929,31.7346,0.5328,3611.0723,,2023-11-08,-2.5277
2023-11-07,1904.3361,472041.6707,11.2233,31.6128,0.5253,3619.7593,,2023-11-07,-6.2407
2023-11-06,2544.6595,473134.5677,11.2493,28.2203,0.7001,3632.6084,,2023-11-06,-5.3916
2023-11-03,1658.6599,470395.3023,11.1842,19.1606,0.4600,3584.1364,,2023-11-03,-3.8636
2023-11-02,1494.6506,468045.5539,11.1283,14.4065,0.4170,3554.1889,,2023-11-02,-5.0111
2023-11-01,1829.4357,469135.9106,11.1542,13.2171,0.5089,3571.0268,,2023-11-01,-5.9732
2023-10-31,1963.1766,468547.4600,11.1363,8.3394,0.5468,3572.5056,,2023-10-31,-8.0944
2023-10-30,2429.7333,468559.6253,11.1021,1.1611,0.6762,3583.7718,,2023-10-30,-4.4282
2023-10-27,2243.0196,469523.1797,11.1363,-11.0503,0.6252,3562.3851,,2023-10-27,-10.6149
2023-10-26,1760.8847,465270.9327,11.0594,-23.6168,0.4958,3514.1448,,2023-10-26,-5.0552
2023-10-25,2036.9174,462675.0770,10.9688,-30.2705,0.5764,3504.4576,,2023-10-25,-1.3424
2023-10-24,1865.2920,463049.0075,11.0080,-34.8711,0.5289,3487.1302,,2023-10-24,1.9302
2023-10-23,1520.5489,463056.9379,11.0034,-34.3653,0.4322,3474.2438,,2023-10-23,3.4438
2023-10-20,1695.9129,467063.7912,11.1128,-26.7861,0.4776,3510.5889,,2023-10-20,-11.0111
2023-10-19,1891.9478,470773.8223,11.2030,-18.7057,0.5290,3533.5445,,2023-10-19,-3.0555
2023-10-18,1589.8236,481222.5719,11.4517,-7.8722,0.4344,3610.5767,,2023-10-18,-2.6233
2023-10-17,1470.5623,483746.2995,11.5150,-4.6325,0.3994,3639.4018,,2023-10-17,-1.1982
2023-10-16,1595.3797,480915.5101,11.4473,-3.9912,0.4351,3626.5972,,2023-10-16,-2.2028
2023-10-13,1701.5231,483779.9602,11.5179,0.9114,0.4609,3663.4104,,2023-10-13,-7.5896
2023-10-12,1945.9822,486596.3475,11.5850,2.0841,0.5227,3702.3824,,2023-10-12,-7.6176
2023-10-11,1876.6755,480982.2225,11.4513,-3.2283,0.5093,3667.5483,,2023-10-11,-3.4517
2023-10-10,1619.3896,479951.3662,11.4268,-3.4061,0.4403,3657.1259,,2023-10-10,-6.0741
2023-10-09,1780.7237,483598.3752,11.5147,-0.3598,0.4806,3684.7272,,2023-10-09,-5.8728
2023-09-28,1535.0042,483830.1887,11.5219,-0.1797,0.4136,3689.5172,,2023-09-28,-11.4828
2023-09-27,1647.9044,484641.3628,11.5413,0.0563,0.4431,3700.4950,,2023-09-27,-21.1050
2023-09-26,1378.0844,484848.3619,11.5462,-0.8990,0.3705,3692.8928,,2023-09-26,-19.7072
2023-09-25,1557.9383,487774.6889,11.6159,0.1088,0.4167,3714.6037,,2023-09-25,-16.7963
2023-09-22,1922.3647,490516.9234,11.6812,-1.8081,0.5114,3738.9327,,2023-09-22,-24.2673
2023-09-21,1350.1180,483217.3587,11.5074,-8.7639,0.3651,3672.4448,,2023-09-21,-11.5552
2023-09-20,1176.9181,487045.1334,11.5985,-4.6900,0.3155,3705.6898,,2023-09-20,-14.5102
2023-09-19,1352.1690,488566.6036,11.6347,-3.7007,0.3612,3720.5021,,2023-09-19,-15.8979
2023-09-18,1569.6697,487771.8552,11.6158,-3.9788,0.4196,3727.7110,,2023-09-18,-16.0890
2023-09-15,1803.9897,486628.7954,11.5886,-4.7210,0.4847,3708.7766,,2023-09-15,-17.8234
2023-09-14,1515.7810,489803.5069,11.6642,-0.8322,0.4042,3733.5077,,2023-09-14,-4.0923
2023-09-13,1382.3809,488452.7383,11.6320,1.2108,0.3692,3736.6513,,2023-09-13,-2.9487
2023-09-12,1401.1751,490018.1807,11.6693,4.5309,0.3728,3760.6048,,2023-09-12,-5.9952
2023-09-11,1868.7176,490760.1181,11.6870,5.3779,0.4961,3767.5370,,2023-09-11,-2.4630
2023-09-08,1291.9766,487706.7001,11.6143,5.6906,0.3453,3739.9927,,2023-09-08,0.5927
2023-09-07,1644.0575,489574.0859,11.6587,12.1653,0.4372,3758.4748,,2023-09-07,-2.7252
2023-09-06,1660.8152,494657.2113,11.7798,18.5774,0.4367,3812.0283,,2023-09-06,-5.1717
2023-09-05,1813.7788,495263.6609,11.7942,17.2560,0.4764,3820.3174,,2023-09-05,-5.8826
2023-09-04,2379.3473,499165.4462,11.8871,12.9916,0.6203,3848.9517,,2023-09-04,-8.0483
2023-09-01,1722.1914,491665.9291,11.7085,0.3082,0.4558,3791.4912,,2023-09-01,-5.3088
2023-08-31,1935.7700,489334.8440,11.6530,-7.1674,0.5158,3765.2678,,2023-08-31,-11.5322
2023-08-30,2267.2748,491296.7504,11.6959,-12.0686,0.6010,3788.5097,,2023-08-30,-5.4903
2023-08-29,2621.3494,492031.7790,11.6255,-22.5518,0.6940,3790.1067,,2023-08-29,-6.2933
2023-08-28,3350.4767,489487.4042,11.5806,-36.7002,0.8930,3752.6194,,2023-08-28,-4.5806
2023-08-25,1756.0144,483524.2847,11.3604,-47.6357,0.4736,3709.1517,,2023-08-25,-11.4483
2023-08-24,1962.5739,484429.0781,11.3929,-51.4465,0.5280,3723.4293,,2023-08-24,-6.5707
2023-08-23,1604.7623,483303.0470,11.3510,-55.5035,0.4336,3696.6339,,2023-08-23,-8.3661
2023-08-22,2034.6388,489390.3934,11.4890,-51.4373,0.5424,3758.2271,,2023-08-22,-2.7729
2023-08-21,1733.7994,483920.9532,11.3512,-52.9518,0.4668,3729.5550,,2023-08-21,-5.2450
2023-08-18,1684.4569,489973.1215,11.4913,-45.0491,0.4471,3784.0038,,2023-08-18,-5.3962
2023-08-17,1740.9385,494638.8339,11.5934,-39.9018,0.4575,3831.1008,,2023-08-17,-15.4992
2023-08-16,1693.2387,493778.8605,11.5757,-38.2478,0.4460,3818.3338,,2023-08-16,-2.8662
2023-08-15,1774.3707,497858.2586,11.6709,-30.2600,0.4640,3846.5357,,2023-08-15,-4.8643
2023-08-14,1976.2377,497319.4524,11.6561,-21.3169,0.5172,3855.9061,,2023-08-14,-0.8939
2023-08-11,2035.4631,500798.1362,11.7325,-7.8728,0.5290,3884.2538,,2023-08-11,2.0538
2023-08-10,1756.4673,511359.8050,11.9889,7.6858,0.4464,3975.7166,,2023-08-10,-3.4834
2023-08-09,1743.9424,509938.1664,11.9485,12.4357,0.4441,3967.5652,,2023-08-09,-15.4348
2023-08-08,2026.1134,511455.4356,11.9883,19.8566,0.5145,3979.7322,,2023-08-08,-8.6678
2023-08-07,2270.9057,512480.1794,12.0090,26.8259,0.5753,3990.1531,,2023-08-07,-15.4469
2023-08-04,3165.2973,516013.7369,12.0927,32.9196,0.7967,4020.5792,,2023-08-04,-7.0208
2023-08-03,2248.0982,513316.5053,12.0198,33.1305,0.5682,4004.9839,,2023-08-03,-4.4161
2023-08-02,2048.7569,509058.2427,11.9380,33.4293,0.5221,3969.8950,,2023-08-02,-6.9050
2023-08-01,2556.2077,514829.8699,12.0734,37.9335,0.6444,3998.0010,,2023-08-01,-10.5990
2023-07-31,3665.4412,515766.2655,12.0958,36.0231,0.9223,4014.6301,,2023-07-31,-9.9699
2023-07-28,3100.9247,513982.9996,12.0466,26.5136,0.7833,3992.7376,,2023-07-28,-16.4624
2023-07-27,1968.4543,502740.0928,11.7817,13.6505,0.5084,3902.3458,,2023-07-27,-8.0542
2023-07-26,1929.1260,502376.0217,11.7732,10.5583,0.4986,3907.0128,,2023-07-26,-8.1872
2023-07-25,2998.5356,503984.3247,11.8395,4.0059,0.7728,3915.1153,,2023-07-25,-11.2847
2023-07-24,1514.4837,491205.0852,11.5380,-8.1803,0.4012,3805.2210,,2023-07-24,-6.7790
2023-07-21,1571.4421,492580.1227,11.5704,-4.2928,0.4148,3821.9100,,2023-07-21,-12.0900
2023-07-20,1743.2087,492851.1409,11.5768,-0.8921,0.4599,3823.6946,,2023-07-20,-1.1054
2023-07-19,1513.1148,496370.6311,11.6595,4.4668,0.3961,3850.8663,,2023-07-19,-3.9337
2023-07-18,1671.0432,496347.9153,11.6590,7.3288,0.4374,3854.9393,,2023-07-18,-0.8607
2023-07-17,1746.2355,498749.7616,11.7150,10.6877,0.4548,3867.1749,,2023-07-17,7.1749
2023-07-14,2202.3047,504462.0998,11.8492,12.9229,0.5671,3899.1027,,2023-07-14,4.3027
2023-07-13,2352.7871,504163.6422,11.8438,9.2071,0.6067,3898.4229,,2023-07-13,1.4229
2023-07-12,2140.4652,496600.1553,11.6661,2.9948,0.5607,3843.4369,,2023-07-12,11.2369
2023-07-11,1775.8569,500154.9881,11.7505,4.4111,0.4626,3869.4861,,2023-07-11,16.2861
2023-07-10,1853.6081,497267.2920,11.6827,1.3892,0.4857,3844.3269,,2023-07-10,18.9269
2023-07-07,1739.1856,495740.2442,11.6472,1.9830,0.4574,3825.6988,,2023-07-07,19.4988
2023-07-06,1847.4242,497574.9208,11.6930,6.9710,0.4842,3842.7547,,2023-07-06,21.7547
2023-07-05,1884.0027,500813.4835,11.7691,11.2932,0.4904,3868.8054,,2023-07-05,19.2054
2023-07-04,2163.3561,504693.0903,11.8602,12.3852,0.5588,3899.0133,,2023-07-04,18.2133
2023-07-03,2568.7652,504776.8338,11.8622,7.4269,0.6636,3892.8821,,2023-07-03,21.0821
2023-06-30,2081.4627,497098.9579,11.6818,0.6753,0.5467,3842.4516,,2023-06-30,15.0516
2023-06-29,2041.1003,494568.3097,11.6223,0.6750,0.5389,3821.8435,,2023-06-29,16.4435
2023-06-28,2061.8796,496846.8185,11.6759,5.3759,0.5416,3840.7986,,2023-06-28,18.7986
2023-06-27,2100.9771,497502.9365,11.6913,9.1301,0.5515,3845.4334,,2023-06-27,28.4334
2023-06-26,2477.1385,491903.5776,11.5597,13.9954,0.6575,3809.6962,,2023-06-26,16.8962
2023-06-21,2436.3071,498574.0294,11.7164,28.4810,0.6372,3864.0323,,2023-06-21,30.2323
2023-06-20,2662.7408,504819.5920,11.8632,38.8127,0.6878,3924.2377,,2023-06-20,31.2377
2023-06-19,2682.1307,507336.3630,11.9224,40.5610,0.6903,3930.9079,,2023-06-19,29.5079
2023-06-16,2803.7476,511378.2365,12.0173,39.5117,0.7159,3963.3509,,2023-06-16,32.1509
2023-06-15,2826.3591,508299.3686,11.9450,28.9858,0.7276,3925.4994,,2023-06-15,1.2994
2023-06-14,2439.3258,502369.2219,11.8056,18.6791,0.6359,3864.0247,,2023-06-14,3.4247
2023-06-13,2254.3522,504000.4222,11.8440,14.5000,0.5871,3864.9074,,2023-06-13,2.3074
2023-06-12,2407.9127,502770.7063,11.8151,7.8165,0.6295,3844.4324,,2023-06-12,10.8324
2023-06-09,2472.9609,500731.5611,11.9046,2.0982,0.6552,3836.7026,,2023-06-09,3.9026
2023-06-08,1991.1930,497801.2566,11.8350,-4.1689,0.5293,3820.1867,,2023-06-08,9.1867
2023-06-07,1898.7979,492747.1997,11.7148,-8.9907,0.5098,3789.3418,,2023-06-07,7.5418
2023-06-06,2220.9172,494377.3697,11.7536,-8.2003,0.5941,3808.1629,,2023-06-06,14.1629
2023-06-05,2111.4436,497815.4714,11.8353,-8.6688,0.5604,3844.2492,,2023-06-05,10.4492
2023-06-02,2326.9655,498338.2664,11.8477,-14.6521,0.6169,3861.8337,,2023-06-02,11.4337
2023-06-01,2418.2955,493143.6133,11.7242,-25.1975,0.6489,3806.8679,,2023-06-01,8.8679
2023-05-31,2356.0612,491697.7255,11.6898,-27.4189,0.6335,3798.5434,,2023-05-31,7.9434
2023-05-30,2445.6627,496122.3320,11.7950,-25.7636,0.6508,3837.7531,,2023-05-30,12.1531
2023-05-29,2300.9560,495519.7041,11.7807,-27.8408,0.6123,3833.9416,,2023-05-29,8.9416
2023-05-26,1915.3781,494474.4696,11.7559,-27.0325,0.5104,3850.9511,,2023-05-26,9.9511
2023-05-25,2133.1362,493428.4420,11.7310,-26.0293,0.5688,3850.4996,,2023-05-25,17.4996
2023-05-24,2117.6841,494294.6551,11.7516,-21.3415,0.5638,3859.0935,,2023-05-24,11.6935
2023-05-23,1899.5582,502906.2150,11.9563,-13.1039,0.4976,3913.1882,,2023-05-23,16.9882
2023-05-22,2021.8555,511904.7560,12.1703,-9.2349,0.5212,3969.3277,,2023-05-22,11.7277
2023-05-19,2070.9494,509105.0054,12.1037,-13.1234,0.5366,3944.5403,,2023-05-19,6.7403
2023-05-18,2291.3418,511475.1679,12.1600,-12.6174,0.5911,3956.0701,,2023-05-18,2.2701
2023-05-17,2051.9569,509229.0312,12.1066,-12.5857,0.5309,3960.1650,,2023-05-17,-0.0350
2023-05-16,2348.4065,512658.1413,12.1882,-11.8452,0.6049,3978.2054,,2023-05-16,-7.9946
2023-05-15,2795.3116,515782.8175,12.2625,-12.9213,0.7162,3998.8872,,2023-05-15,-2.1128
2023-05-12,2289.9292,508381.6836,12.0865,-17.3869,0.5952,3937.7622,,2023-05-12,0.3622
2023-05-11,2410.5207,514989.0975,12.2399,-10.2747,0.6191,3990.6637,,2023-05-11,0.4637
2023-05-10,3094.8485,517299.4007,12.2948,-8.5688,0.7924,3996.8695,,2023-05-10,-0.9305
2023-05-09,3964.2212,524925.1661,12.4761,-6.1594,1.0016,4027.8754,,2023-05-09,1.0754
2023-05-08,3595.3995,530760.5752,12.6148,-7.9106,0.9006,4062.6624,,2023-05-08,4.6624
2023-05-05,3076.9449,519061.5729,12.3367,-16.9457,0.7852,4016.8774,,2023-05-05,-0.9226
2023-05-04,3454.9251,520310.7757,12.3664,-20.4675,0.8793,4030.2471,,2023-05-04,-3.3529
2023-04-28,3289.3629,515954.4834,12.2121,-27.0064,0.8434,4029.0858,,2023-04-28,-2.5142
2023-04-27,3048.0400,510426.4089,12.1631,-34.9274,0.7899,3988.4185,,2023-04-27,-9.5815
2023-04-26,3220.6281,505908.7718,12.1236,-36.4442,0.8410,3959.2323,,2023-04-26,-5.3677
2023-04-25,3311.1062,508238.2319,12.2025,-30.0817,0.8621,3962.6658,,2023-04-25,-7.5342
2023-04-24,3283.7561,508178.5570,12.2417,-18.4552,0.8546,3982.6429,,2023-04-24,-8.3571
2023-04-21,3478.5201,512188.3156,12.3301,-2.8810,0.8969,4032.5672,,2023-04-21,-5.6328
2023-04-20,3321.7241,521300.0304,12.5671,11.5236,0.8414,4113.0192,,2023-04-20,7.8192
2023-04-19,3122.1950,521891.2766,12.5663,16.6303,0.7900,4124.5589,,2023-04-19,-0.6411
2023-04-18,3315.4566,526656.5827,12.6796,20.5507,0.8317,4162.0320,,2023-04-18,0.6320
2023-04-17,3418.3127,523700.2344,12.5633,17.0298,0.8617,4149.3836,,2023-04-17,-4.2164
2023-04-14,3062.0150,514099.4909,12.3418,12.2125,0.7850,4091.9988,,2023-04-14,-3.0012
2023-04-13,3002.9102,510606.5179,12.2607,14.9015,0.7736,4068.9786,,2023-04-13,-4.8214
2023-04-12,3254.2523,513308.5608,12.3224,22.3884,0.8342,4097.2876,,2023-04-12,0.0876
2023-04-11,3241.9295,511332.3594,12.2746,26.5053,0.8325,4100.1479,,2023-04-11,-2.0521
2023-04-10,3408.2256,512387.7945,12.3063,30.1651,0.8746,4104.8118,,2023-04-10,-7.5882
2023-04-07,2865.6777,513265.6003,12.3289,32.5185,0.7338,4123.2799,,2023-04-07,-4.9201
2023-04-06,3289.8185,511272.7293,12.2805,29.8896,0.8459,4096.6400,,2023-04-06,-1.3600
2023-04-04,3944.4318,511966.2812,12.2979,28.8353,1.0129,4103.1052,,2023-04-04,-8.6948
2023-04-03,3828.9556,507696.0446,12.1846,23.7486,0.9890,4090.5676,,2023-04-03,-0.6324
2023-03-31,2798.6369,503551.1824,12.0614,16.6285,0.7280,4050.9257,,2023-03-31,-12.8743
2023-03-30,2800.0472,502028.5738,11.9908,12.4653,0.7299,4038.5257,,2023-03-30,-14.2743
2023-03-29,2638.6692,498202.5541,11.9327,7.8811,0.6948,4006.1440,,2023-03-29,-2.8560
2023-03-28,2487.3692,497874.2502,11.9157,7.1228,0.6558,3999.5147,,2023-03-28,-9.8853
2023-03-27,3154.7470,498040.3293,11.9057,7.3167,0.8311,4012.4771,,2023-03-27,-6.5229
2023-03-24,2957.8559,501153.3306,11.9779,5.0496,0.7756,4027.0457,,2023-03-24,-13.5543
2023-03-23,2964.7953,504688.6207,12.0533,-1.2545,0.7735,4039.0895,,2023-03-23,-5.5105
2023-03-22,2651.8099,499792.4789,11.9395,-12.9399,0.6994,3999.4427,,2023-03-22,-3.7573
2023-03-21,2516.3199,497360.7119,11.8965,-21.7119,0.6668,3982.3782,,2023-03-21,-6.2218
2023-03-20,3197.6003,494496.6580,11.8185,-29.7478,0.8536,3939.0770,,2023-03-20,-6.5230
2023-03-17,3055.4102,498654.7322,11.9138,-30.6733,0.8127,3958.8194,,2023-03-17,-5.1806
2023-03-16,2462.6429,494818.8397,11.8305,-33.1232,0.6593,3939.1505,,2023-03-16,-1.8495
2023-03-15,2321.0109,499136.6252,11.8981,-29.8865,0.6153,3986.9020,,2023-03-15,0.5020
2023-03-14,2672.2485,497444.0256,11.8570,-31.6973,0.7099,3984.6956,,2023-03-14,-4.1044
2023-03-13,2428.6552,500451.2427,11.9290,-31.3452,0.6409,4008.6860,,2023-03-13,-1.3140
2023-03-10,2182.8696,492326.6692,11.7507,-33.0215,0.5835,3967.1352,,2023-03-10,1.5352
2023-03-09,2017.3799,499307.2387,11.9317,-24.5613,0.5323,4019.8505,,2023-03-09,-3.1495
2023-03-08,1916.5966,500282.0754,11.9558,-19.9526,0.5041,4034.1077,,2023-03-08,-0.6923
2023-03-07,2724.9199,501403.5284,11.9826,-14.1319,0.7140,4048.8519,,2023-03-07,1.6519
2023-03-06,2830.7986,506861.3809,12.1097,-7.0361,0.7338,4109.0102,,2023-03-06,6.0102
2023-03-03,2269.1455,508867.3463,12.1577,-7.7989,0.5852,4130.5513,,2023-03-03,-3.8487
2023-03-02,2359.5376,505365.6622,12.0735,-13.1974,0.6116,4117.7377,,2023-03-02,-8.8623
2023-03-01,2553.7479,505501.7307,12.0770,-18.5731,0.6623,4126.9415,,2023-03-01,-6.2585
2023-02-28,1987.9971,498241.4403,11.9036,-27.9942,0.5224,4069.4587,,2023-02-28,-9.7413
2023-02-27,1879.5949,494701.4562,11.8375,-29.5696,0.4968,4043.8444,,2023-02-27,-7.5556
2023-02-24,1912.1047,496091.3045,11.8666,-25.0870,0.5047,4061.0457,,2023-02-24,-6.5543
2023-02-23,1971.9358,500550.6821,11.9775,-20.1404,0.5155,4103.6463,,2023-02-23,-4.5537
2023-02-22,1915.8616,501139.2418,11.9917,-20.1307,0.5004,4106.9506,,2023-02-22,-2.8494
2023-02-21,2496.7420,505385.1396,12.0939,-20.0694,0.6471,4144.3536,,2023-02-21,-5.0464
2023-02-20,2801.2296,503994.1349,12.0850,-26.9478,0.7282,4133.4896,,2023-02-20,-13.3104
2023-02-17,2257.3775,491744.0010,11.7876,-34.5672,0.6007,4034.5070,,2023-02-17,-0.0930
2023-02-16,2813.1563,497556.2977,11.9269,-24.8851,0.7399,4093.4876,,2023-02-16,3.4876
2023-02-15,2198.5553,499862.4530,11.9822,-20.7021,0.5746,4123.6893,,2023-02-15,3.2893
2023-02-14,2049.1544,502200.2261,12.0375,-19.8724,0.5329,4145.2902,,2023-02-14,-4.7098
2023-02-13,2519.9018,501645.5526,12.0170,-22.7859,0.6562,4143.5740,,2023-02-13,4.5740
2023-02-10,1953.4832,498002.4292,11.9297,-26.7520,0.5129,4106.3097,,2023-02-10,-1.2903
2023-02-09,2117.2260,500320.6540,11.9852,-24.9097,0.5532,4130.8565,,2023-02-09,-2.9435
2023-02-08,1705.9175,494353.3265,11.8423,-26.6388,0.4514,4076.1411,,2023-02-08,-0.2589
2023-02-07,1835.3735,496530.8794,11.8914,-17.8710,0.4836,4094.2335,,2023-02-07,-1.9665
2023-02-06,2263.4511,495889.6055,11.8761,-8.0126,0.5976,4086.8779,,2023-02-06,0.2779
2023-02-03,2269.1477,501180.2682,12.0006,7.8787,0.5939,4141.6319,,2023-02-03,-2.1681
2023-02-02,2624.9743,505306.0578,12.0948,19.3889,0.6809,4181.1493,,2023-02-02,-4.4507
2023-02-01,2655.5394,506612.6608,12.1287,26.0781,0.6870,4195.9332,,2023-02-01,-2.0668
2023-01-31,2493.6532,502286.7917,12.0251,29.6234,0.6502,4156.8578,,2023-01-31,-12.7422
2023-01-30,3301.9332,506532.6330,12.1171,38.9187,0.8525,4201.3450,,2023-01-30,-6.6550
2023-01-20,2223.4246,505807.7810,12.0998,39.7018,0.5761,4181.5267,,2023-01-20,-10.8733
2023-01-19,1926.9959,502014.4693,12.0089,40.0749,0.5022,4156.0077,,2023-01-19,-1.9923
2023-01-18,1721.2617,499915.8205,11.9587,41.0681,0.4507,4130.3143,,2023-01-18,-3.0857
2023-01-17,2043.8158,499890.0564,11.9581,43.1487,0.5345,4137.2422,,2023-01-17,-9.7578
2023-01-16,3190.0775,500730.7812,11.9830,40.2966,0.8331,4137.9643,,2023-01-16,-11.6357
2023-01-13,2121.7400,495479.2277,11.8709,31.2339,0.5629,4074.3772,,2023-01-13,-16.4228
2023-01-12,1836.8627,489137.8912,11.7195,26.2626,0.4942,4017.8692,,2023-01-12,-6.7308
2023-01-11,2030.0026,488064.9518,11.6946,26.9067,0.5479,4010.0309,,2023-01-11,-7.1691
2023-01-10,2148.7117,487935.2729,11.6884,26.6406,0.5794,4017.4737,,2023-01-10,-0.5263
2023-01-09,2332.1243,488379.5898,11.6990,21.9308,0.6287,4013.1196,,2023-01-09,1.5196
2023-01-06,2357.4431,485372.7946,11.6270,13.0242,0.6399,3980.8888,,2023-01-06,-9.9112
2023-01-05,2563.1261,484585.1177,11.5842,3.9232,0.6971,3968.5782,,2023-01-05,-5.8218
2023-01-04,1989.9771,477460.3260,11.4139,-8.7358,0.5505,3892.9477,,2023-01-04,-5.0523
2023-01-03,2075.4017,475867.7650,11.3759,-13.1044,0.5762,3887.8992,,2023-01-03,-6.3008
2022-12-30,1482.9505,473518.8783,11.3197,-18.2854,0.4129,3871.6338,,2022-12-30,-7.7662
2022-12-29,1490.1137,471600.5445,11.2738,-22.0926,0.4168,3856.7007,,2022-12-29,-11.4993
2022-12-28,1606.7112,474444.3255,11.3418,-23.7275,0.4471,3871.2644,,2022-12-28,-13.7356
2022-12-27,1520.3221,475752.5286,11.3731,-27.8466,0.4225,3887.8540,,2022-12-27,-12.1460
2022-12-26,1486.9283,470129.0577,11.2387,-36.0837,0.4180,3843.4887,,2022-12-26,-9.5113
2022-12-23,1305.5942,468994.7561,11.2116,-37.8905,0.3677,3828.2188,,2022-12-23,-17.7812
2022-12-22,1639.7031,469733.8949,11.2292,-35.3429,0.4612,3836.0280,,2022-12-22,-18.9720
2022-12-21,1234.5004,468716.2775,11.2049,-30.8987,0.3479,3830.5384,,2022-12-21,-15.4616
2022-12-20,1640.4644,468259.9375,11.1940,-21.2208,0.4628,3829.0173,,2022-12-20,-22.9827
2022-12-19,1808.0139,474995.7105,11.3550,-4.9227,0.5023,3893.2207,,2022-12-19,-17.5793
2022-12-16,1674.8844,482934.6759,11.5448,7.1137,0.4584,3954.2270,,2022-12-16,-19.1730
2022-12-15,1819.9489,481865.8937,11.5192,11.9770,0.4993,3951.9885,,2022-12-15,-1.4115
2022-12-14,1961.7511,483242.3058,11.5521,17.8942,0.5370,3954.8857,,2022-12-14,-5.9143
2022-12-13,1840.2070,482496.9537,11.5343,23.9954,0.5051,3945.6813,,2022-12-13,-4.9187
2022-12-12,2276.0630,482251.9043,11.5285,32.4096,0.6245,3953.4433,,2022-12-12,-9.7567
2022-12-09,2681.6679,483603.1427,11.6331,40.4423,0.7316,3998.2442,,2022-12-09,-6.7558
2022-12-08,1980.3769,479946.1587,11.5452,39.7702,0.5447,3959.1798,,2022-12-08,-11.4202
2022-12-07,2554.9083,480043.1737,11.5475,42.4912,0.7030,3958.4409,,2022-12-07,0.2409
2022-12-06,2755.8343,482669.8073,11.6107,42.7381,0.7553,3968.1979,,2022-12-06,-1.6021
2022-12-05,2966.1551,480642.4524,11.5619,37.0345,0.8173,3946.8759,,2022-12-05,-1.1241
2022-12-02,2012.5317,469697.4341,11.2986,28.7983,0.5661,3870.9478,,2022-12-02,-12.6522
2022-12-01,3066.7820,472748.4786,11.3720,28.4648,0.8575,3894.7687,,2022-12-01,-10.2313
2022-11-30,2500.5147,469841.4680,11.3021,20.5596,0.7047,3853.0365,,2022-11-30,-7.3635
2022-11-29,2890.6234,468288.8907,11.2647,14.6879,0.8159,3848.4224,,2022-11-29,-10.1776
2022-11-28,1963.0556,456015.2673,10.9695,5.0678,0.5714,3733.2424,,2022-11-28,-3.7576
2022-11-25,1917.1104,460650.1944,11.0810,12.8406,0.5527,3775.7764,,2022-11-25,-6.4236
2022-11-24,1606.9892,456036.9109,10.9700,15.6149,0.4668,3756.8082,,2022-11-24,-4.1918
2022-11-23,2010.7060,458026.5922,11.0179,22.7532,0.5814,3773.5287,,2022-11-23,-7.2713
2022-11-22,2034.9083,457034.0913,10.9940,29.0461,0.5901,3769.5727,,2022-11-22,-6.2273
2022-11-21,1882.3037,454395.8499,10.9305,37.7573,0.5478,3769.1269,,2022-11-21,-10.0731
2022-11-18,2242.7613,457838.5434,11.0134,48.9889,0.6474,3801.5686,,2022-11-18,-10.4314
2022-11-17,2195.4081,459444.7843,11.0520,56.7427,0.6323,3818.6640,,2022-11-17,1.4640
2022-11-16,2358.4459,461258.3416,11.0956,61.6024,0.6764,3834.3899,,2022-11-16,-4.4101
2022-11-15,2962.6814,464319.6792,11.1693,61.9234,0.8441,3865.9726,,2022-11-15,-2.0274
2022-11-14,3155.3686,457493.8851,11.0051,51.9715,0.9136,3794.0171,,2022-11-14,0.0171
2022-11-11,3444.7133,457493.7620,11.0051,47.7711,0.9988,3788.4387,,2022-11-11,-4.7613
2022-11-10,1831.5531,446501.9245,10.7434,39.7704,0.5449,3685.6885,,2022-11-10,-8.3115
2022-11-09,1720.2953,448843.4970,10.7997,46.3373,0.5090,3714.2704,,2022-11-09,2.0704
2022-11-08,1933.5132,452480.5673,10.8873,48.9974,0.5672,3749.3251,,2022-11-08,-7.2749
2022-11-07,2511.9570,454944.0546,10.9465,44.0524,0.7323,3775.2971,,2022-11-07,-6.5029
2022-11-04,3111.4548,453977.8729,10.9233,29.4149,0.9102,3767.1746,,2022-11-04,-14.0254
2022-11-03,2153.7930,441321.8233,10.6188,7.6410,0.6492,3647.8966,,2022-11-03,-3.5034
2022-11-02,2916.4825,444591.7313,10.6974,-0.9554,0.8729,3677.8051,,2022-11-02,-2.3949
2022-11-01,2950.8993,440243.7470,10.5928,-18.1609,0.8932,3634.1732,,2022-11-01,-14.2268
2022-10-31,2565.7482,427551.8898,10.2874,-32.6905,0.8010,3508.7034,,2022-10-31,3.3034
2022-10-28,2458.1645,432660.3962,10.3781,-25.1368,0.7581,3541.3295,,2022-10-28,-3.2705
2022-10-27,2574.7332,441537.0384,10.6350,-15.2947,0.7774,3631.1448,,2022-10-27,-1.8552
2022-10-26,2424.5381,443784.6775,10.6891,-14.3621,0.7268,3656.9027,,2022-10-26,0.5027
2022-10-25,2193.0276,441684.7862,10.6514,-14.7332,0.6605,3627.4542,,2022-10-25,0.8542
2022-10-24,2594.5074,442471.4953,10.6849,-5.9635,0.7800,3633.3733,,2022-10-24,2.3733
2022-10-21,1806.8636,453942.1918,10.9783,9.4006,0.5285,3742.8929,,2022-10-21,8.4929
2022-10-20,2037.8162,454888.6254,11.0272,12.8824,0.5946,3754.9269,,2022-10-20,-6.0731
2022-10-19,1867.3641,456510.3594,11.0724,17.0011,0.5430,3776.5335,,2022-10-19,1.3335
2022-10-18,1865.5630,462653.4151,11.2214,19.8889,0.5341,3838.2667,,2022-10-18,2.8667
2022-10-17,2204.8887,463928.5785,11.2573,12.4621,0.6293,3846.4119,,2022-10-17,9.0119
2022-10-14,2565.5127,463654.2588,11.2576,0.1846,0.7324,3842.4698,,2022-10-14,1.0698
2022-10-13,1983.6889,455844.6451,11.0695,-16.2983,0.5774,3752.6729,,2022-10-13,-2.1271
2022-10-12,2109.3136,459496.2276,11.1581,-20.6284,0.6086,3784.3064,,2022-10-12,-0.2936
2022-10-11,1668.0039,453831.9421,11.0206,-29.9940,0.4872,3727.6867,,2022-10-11,0.8867
2022-10-10,1946.3590,453631.3026,11.0157,-28.7137,0.5689,3720.9365,,2022-10-10,-7.2635
2022-09-30,1586.9275,460869.2357,11.1934,-20.8195,0.4549,3804.8853,,2022-09-30,-3.5147
2022-09-29,1716.3594,462348.7268,11.2293,-21.6077,0.4907,3827.1434,,2022-09-29,-10.4566
2022-09-28,1724.3804,462853.0605,11.2416,-23.6955,0.4934,3828.7098,,2022-09-28,-7.8902
2022-09-27,1859.5525,468658.9180,11.3826,-23.5470,0.5254,3892.2950,,2022-09-27,2.0950
2022-09-26,1929.0620,462729.7046,11.2386,-32.5586,0.5521,3836.6773,,2022-09-26,-4.7227
2022-09-23,1729.0481,466685.0479,11.3346,-31.2425,0.4916,3856.0212,,2022-09-23,-8.3788
2022-09-22,1611.3410,466362.9849,11.3268,-28.9426,0.4575,3869.3440,,2022-09-22,-0.6560
2022-09-21,1689.3907,468948.9972,11.3896,-24.1526,0.4766,3903.7348,,2022-09-21,7.1348
2022-09-20,1792.4815,471357.3003,11.4481,-20.1862,0.5027,3932.8361,,2022-09-20,4.2361
2022-09-19,1835.7444,471599.9602,11.4540,-16.8759,0.5144,3928.0001,,2022-09-19,-0.9999
2022-09-16,2412.5184,471530.7139,11.4523,-8.0521,0.6773,3932.6826,,2022-09-16,-4.5174
2022-09-15,2543.6749,482330.3401,11.7146,6.8307,0.6978,4027.1186,,2022-09-15,-2.6814
2022-09-14,1854.8497,485441.9619,11.7902,11.8294,0.5054,4065.3590,,2022-09-14,-3.4410
2022-09-13,2185.2106,490282.3454,11.9078,12.1085,0.5896,4111.1145,,2022-09-13,1.9145
2022-09-09,2214.4255,488741.7791,11.8703,3.3471,0.5997,4093.7874,,2022-09-09,-4.4126
2022-09-08,1868.8905,482668.7095,11.7228,-6.2153,0.5130,4037.6839,,2022-09-08,-1.1161
2022-09-07,2151.4715,484038.8108,11.7561,-8.3474,0.5887,4054.9830,,2022-09-07,-0.8170
2022-09-06,2359.2184,483726.4403,11.7485,-13.4166,0.6453,4052.2802,,2022-09-06,5.4802
2022-09-05,2011.1870,480043.4037,11.6591,-18.7050,0.5552,4015.4264,,2022-09-05,-2.1736
2022-09-02,1844.6833,479555.2359,11.6472,-16.9953,0.5097,4023.6131,,2022-09-02,3.4131
2022-09-01,2108.9850,481668.2915,11.6985,-13.5032,0.5802,4043.7395,,2022-09-01,0.1395
2022-08-31,2929.7467,485100.8734,11.7819,-9.9527,0.7997,4078.8402,,2022-08-31,-2.5598
2022-08-30,1926.4900,484571.6099,11.7899,-9.7044,0.5270,4075.7937,,2022-08-30,-0.8063
2022-08-29,2030.8611,485563.9044,11.7968,-7.0134,0.5541,4089.5205,,2022-08-29,5.5205
2022-08-26,2255.1920,487192.6992,11.8805,-4.1012,0.6143,4107.5455,,2022-08-26,0.1455
2022-08-25,2421.4958,488051.4798,11.9348,-1.9803,0.6582,4116.2396,,2022-08-25,1.2396
2022-08-24,2628.4431,482757.9394,11.8255,0.5858,0.7213,4082.4195,,2022-08-24,2.2195
2022-08-23,2391.0133,490062.0230,12.0431,12.2978,0.6463,4161.0823,,2022-08-23,6.4823
2022-08-22,2597.4716,491994.6304,12.1060,14.7187,0.6987,4181.3965,,2022-08-22,13.1965
2022-08-19,2624.9413,488387.7611,12.0309,14.0402,0.7122,4151.0738,,2022-08-19,9.0738
2022-08-18,2331.1549,490085.1278,12.0705,18.8385,0.6304,4180.0996,,2022-08-18,1.0996
2022-08-17,2520.4433,494259.3538,12.1880,19.9391,0.6752,4216.9586,,2022-08-17,2.7586
2022-08-16,2338.1858,490078.7128,12.0819,13.5214,0.6317,4177.8370,,2022-08-16,4.8370
2022-08-15,2455.3980,491308.7661,12.1106,11.1904,0.6616,4185.6794,,2022-08-15,2.8794
2022-08-12,2192.0806,492513.3130,12.1453,6.0600,0.5894,4191.1520,,2022-08-12,-4.4480
2022-08-11,2696.3100,491935.5402,12.1618,-2.5845,0.7256,4193.5428,,2022-08-11,-2.4572
2022-08-10,2174.4737,482806.2575,11.9356,-15.4626,0.5963,4109.7373,,2022-08-10,8.3373
2022-08-09,2142.2369,487455.9951,12.0541,-16.4753,0.5818,4156.2907,,2022-08-09,7.0907
2022-08-08,2240.8081,486431.3561,12.0300,-25.0742,0.6106,4148.0746,,2022-08-08,5.4746
2022-08-05,2473.2590,487507.2938,12.0566,-33.9645,0.6729,4156.9111,,2022-08-05,0.1111
2022-08-04,2168.9867,482084.6371,11.9300,-46.1398,0.5967,4101.5367,,2022-08-04,10.5367
2022-08-03,2686.9583,477804.4179,11.8164,-49.5857,0.7455,4066.9754,,2022-08-03,7.1754
2022-08-02,2810.1356,482053.7430,11.9269,-43.2220,0.7729,4107.0240,,2022-08-02,-2.3760
2022-08-01,2511.2531,490562.0937,12.1374,-37.1135,0.6779,4188.6784,,2022-08-01,14.6784
2022-07-29,2531.9857,488763.9839,12.0937,-40.5527,0.6859,4170.1019,,2022-07-29,17.7019
2022-07-28,2438.7149,494932.4967,12.2406,-38.6614,0.6528,4225.6733,,2022-07-28,10.8733
2022-07-27,1942.4530,494926.4186,12.2380,-43.6704,0.5196,4225.0357,,2022-07-27,12.0357
2022-07-26,1976.0141,497628.7905,12.3012,-47.9641,0.5257,4245.9758,,2022-07-26,10.1758
2022-07-25,1881.3643,494225.9670,12.2213,-55.3100,0.5043,4212.6441,,2022-07-25,6.0441
2022-07-22,2242.9533,496518.6296,12.2787,-56.0340,0.5984,4238.2341,,2022-07-22,14.0341
2022-07-21,2392.2815,496061.4950,12.2713,-58.3324,0.6400,4236.0578,,2022-07-21,19.4578
2022-07-20,2123.0188,501739.0924,12.4119,-57.4997,0.5615,4283.8027,,2022-07-20,21.0027
2022-07-19,2311.1773,499620.1843,12.3595,-62.1192,0.6135,4269.3401,,2022-07-19,15.1401
2022-07-18,2810.5513,501306.7126,12.4014,-62.5924,0.7432,4292.5858,,2022-07-18,19.5858
2022-07-15,3167.9319,495561.5076,12.2648,-64.3155,0.8474,4248.5273,,2022-07-15,38.5273
2022-07-14,3015.6986,504147.9860,12.4788,-54.4105,0.7920,4322.0742,,2022-07-14,12.0742
2022-07-13,2860.7555,505608.9822,12.5150,-50.9647,0.7498,4321.4617,,2022-07-13,14.8617
2022-07-12,2910.7231,505495.9560,12.5122,-43.2085,0.7630,4313.6184,,2022-07-12,12.8184
2022-07-11,2991.9523,510107.7199,12.6263,-27.9370,0.7773,4354.6167,,2022-07-11,17.6167
2022-07-08,3040.3111,517515.3764,12.8122,-12.0555,0.7776,4428.7810,,2022-07-08,19.1810
2022-07-07,3281.3313,519508.2615,12.8615,-3.3842,0.8376,4443.4736,,2022-07-07,26.8736
2022-07-06,3446.7271,517925.0751,12.8223,5.1248,0.8823,4423.9698,,2022-07-06,23.5698
2022-07-05,3618.9185,525136.8250,13.0008,19.6147,0.9119,4489.5383,,2022-07-05,30.1383
2022-07-04,3569.6852,525595.4028,13.0122,25.1297,0.9000,4496.0303,,2022-07-04,23.8303
2022-07-01,3184.9213,522453.8224,12.9369,27.9660,0.8074,4466.7179,,2022-07-01,21.5179
2022-06-30,3543.4389,524420.7742,12.9856,33.6735,0.8951,4485.0108,,2022-06-30,23.2108
2022-06-29,3959.2611,518787.4133,12.8461,33.8923,1.0136,4421.3570,,2022-06-29,7.9570
2022-06-28,3616.8597,525129.7287,13.0032,42.1456,0.9141,4490.5166,,2022-06-28,25.1166
2022-06-27,3814.3297,521126.2759,12.9040,35.6047,0.9732,4444.2639,,2022-06-27,33.6639
2022-06-24,3560.5475,516098.9494,12.7796,29.6631,0.9173,4394.7723,,2022-06-24,28.5723
2022-06-23,3271.4478,511918.0687,12.6760,25.9633,0.8510,4343.8781,,2022-06-23,28.0781
2022-06-22,2986.5626,504027.1755,12.4806,26.5432,0.7902,4270.6227,,2022-06-22,39.6227
2022-06-21,3171.6332,510322.7642,12.6365,38.5508,0.8283,4325.5657,,2022-06-21,39.1657
2022-06-20,3595.6930,510044.8458,12.6297,41.7770,0.9391,4330.4328,,2022-06-20,47.8328
2022-06-17,3466.7573,509319.9960,12.6117,41.0606,0.9074,4309.0444,,2022-06-17,31.8444
2022-06-16,3372.3591,503889.8237,12.4772,39.6124,0.8937,4250.0614,,2022-06-16,1.2614
2022-06-15,4597.6682,508232.8742,12.5848,44.9225,1.2079,4278.2178,,2022-06-15,0.8178
2022-06-14,3354.1856,502727.9026,12.4485,42.9705,0.8917,4222.3114,,2022-06-14,-6.8886
2022-06-13,3365.8567,497542.2342,12.3201,46.8770,0.9046,4189.3527,,2022-06-13,6.1527
2022-06-10,3240.9144,476686.0792,12.5869,55.2869,0.8767,4238.9936,,2022-06-10,4.9936
2022-06-09,2851.7280,470111.7240,12.4133,53.5288,0.7821,4175.6747,,2022-06-09,7.6747
2022-06-08,3194.8025,473617.5555,12.5059,58.8988,0.8701,4219.8122,,2022-06-08,17.2122
2022-06-07,2857.3372,469083.7900,12.3862,53.5047,0.7855,4179.1285,,2022-06-07,26.7285
2022-06-06,3240.7563,467784.0556,12.3519,48.8753,0.8972,4166.0850,,2022-06-06,21.6850
2022-06-02,2226.5754,461357.1012,12.1821,40.4188,0.6234,4089.5682,,2022-06-02,18.9682
2022-06-01,2254.1624,460945.0691,12.1713,39.6671,0.6321,4083.1772,,2022-06-01,23.9772
2022-05-31,2677.7009,462060.1996,12.2007,37.1375,0.7480,4091.5176,,2022-05-31,22.3176
2022-05-30,2111.4472,456181.7922,12.0455,29.1275,0.5982,4029.0179,,2022-05-30,27.2179
2022-05-27,2069.4443,453867.8715,11.9844,27.6042,0.5897,4001.2988,,2022-05-27,18.0988
2022-05-26,2169.8703,452663.8236,11.9526,29.5809,0.6204,3993.0446,,2022-05-26,23.4446
2022-05-25,1887.0054,451401.1948,11.9193,33.1131,0.5416,3983.1784,,2022-05-25,25.1784
2022-05-24,2477.1304,448208.7071,11.8350,39.2674,0.7149,3959.1541,,2022-05-24,20.5541
2022-05-23,2259.8154,456919.3904,12.0650,52.0938,0.6395,4053.9823,,2022-05-23,38.9823
2022-05-20,2656.0909,458963.1896,12.1189,50.4328,0.7475,4077.5998,,2022-05-20,14.5998
2022-05-19,2102.0668,451150.3001,11.9126,40.4870,0.6024,3999.5984,,2022-05-19,2.5984
2022-05-18,2018.0067,450679.9189,11.9002,39.0318,0.5793,3991.9069,,2022-05-18,9.5069
2022-05-17,2101.1754,452219.2563,11.9409,37.0744,0.6015,4005.8934,,2022-05-17,11.4934
2022-05-16,1997.1791,447780.1250,11.8236,30.2067,0.5778,3956.5378,,2022-05-16,24.3378
2022-05-13,1957.2704,450675.6482,11.9001,29.1131,0.5622,3988.6002,,2022-05-13,13.4002
2022-05-12,2020.2916,446710.8504,11.8011,20.8532,0.5857,3958.7400,,2022-05-12,15.5400
2022-05-11,3092.9491,448267.8131,11.8422,14.5663,0.8930,3976.4231,,2022-05-11,21.0231
2022-05-10,2390.6021,443545.7147,11.7174,2.3474,0.6977,3919.8684,,2022-05-10,5.8684
2022-05-09,1717.5650,440084.3217,11.6260,-3.1434,0.5052,3877.4364,,2022-05-09,24.2364
2022-05-06,2148.2517,442788.0528,11.6974,-0.3080,0.6278,3908.8150,,2022-05-06,28.6150
2022-05-05,2905.3823,453255.4859,11.9740,0.5324,0.8286,4010.2102,,2022-05-05,15.2102
2022-04-29,3214.1488,453594.7427,11.8514,-16.1393,0.9171,4016.2410,,2022-04-29,-3.1590
2022-04-28,2685.0224,444103.4482,11.5409,-39.9350,0.7813,3921.1073,,2022-04-28,5.1073
2022-04-27,2969.2410,440660.0888,11.4881,-52.5643,0.8721,3895.5361,,2022-04-27,9.7361
2022-04-26,2596.2635,431389.2153,11.2460,-60.6327,0.7807,3784.1198,,2022-04-26,2.1198
2022-04-25,2728.8927,434456.9253,11.3298,-43.4595,0.8158,3814.9127,,2022-04-25,5.1127
2022-04-22,2063.7177,454368.6248,11.8467,-16.6301,0.5888,4013.2498,,2022-04-22,1.4498
2022-04-21,2270.2668,451419.1516,11.7845,-10.9147,0.6518,3995.8300,,2022-04-21,-2.9700
2022-04-20,2165.3664,458725.0878,11.9797,4.5116,0.6111,4070.7889,,2022-04-20,16.1889
2022-04-19,2085.7058,465133.5878,12.1441,15.2897,0.5804,4134.9017,,2022-04-19,0.1017
2022-04-18,2128.5533,467005.1870,12.1932,19.9755,0.5895,4166.3844,,2022-04-18,8.1844
2022-04-15,2262.2974,470538.1718,12.2906,21.2495,0.6220,4188.7472,,2022-04-15,6.3472
2022-04-14,2459.9382,471143.9957,12.3132,18.9036,0.6754,4191.5684,,2022-04-14,5.3684
2022-04-13,2212.8103,465934.4875,12.1779,15.0350,0.6155,4139.7370,,2022-04-13,-8.0630
2022-04-12,2528.3041,469277.7652,12.2674,20.2586,0.6983,4179.9727,,2022-04-12,3.9727
2022-04-11,2652.2493,461267.0792,12.0702,20.8579,0.7455,4100.0703,,2022-04-11,0.0703
2022-04-08,2290.8176,473510.9985,12.3896,38.5675,0.6264,4230.7669,,2022-04-08,-3.0331
2022-04-07,2169.9619,470777.3156,12.3152,39.2848,0.5968,4209.0998,,2022-04-07,13.8998
2022-04-06,2536.9093,476479.2243,12.4618,43.9988,0.6904,4263.8411,,2022-04-06,21.8411
2022-04-01,2447.5887,476655.8698,12.4680,39.2782,0.6651,4276.1580,,2022-04-01,8.1580
2022-03-31,2388.7722,470965.7288,12.3453,28.6993,0.6574,4222.5968,,2022-03-31,3.7968
2022-03-30,2688.6918,473109.3483,12.3408,23.2165,0.7363,4254.0989,,2022-03-30,-0.1011
2022-03-29,1994.6385,462272.4602,12.1015,9.1050,0.5601,4134.1441,,2022-03-29,20.9441
2022-03-28,2134.6897,462987.4555,12.1241,13.3340,0.5982,4148.4663,,2022-03-28,20.2663
2022-03-25,2170.1319,463752.5669,12.1495,19.1598,0.6063,4174.5742,,2022-03-25,37.5742
2022-03-24,2195.9443,470637.1504,12.3264,24.6946,0.6040,4251.3061,,2022-03-24,32.5061
2022-03-23,2263.9078,472776.5417,12.3824,19.0631,0.6194,4276.5174,,2022-03-23,35.3174
2022-03-22,2262.1353,471048.5057,12.3143,6.6684,0.6238,4255.2950,,2022-03-22,42.0950
2022-03-21,2512.1454,470170.0133,12.2948,-5.9551,0.6939,4258.7459,,2022-03-21,43.7459
2022-03-18,2757.9129,471260.0749,12.3193,-22.8879,0.7598,4265.9017,,2022-03-18,33.3017
2022-03-17,3850.3920,467398.0116,12.1544,-46.0560,1.0683,4237.6956,,2022-03-17,3.6956
2022-03-16,3788.8359,459962.0703,11.9626,-70.1167,1.0695,4156.0810,,2022-03-16,3.8810
2022-03-15,3469.8895,443325.0803,11.5324,-82.8809,1.0175,3983.8120,,2022-03-15,42.4120
2022-03-14,2606.9166,464045.1381,12.0787,-58.3487,0.7295,4174.7577,,2022-03-14,12.3577
2022-03-11,2950.0883,477192.0811,12.4362,-50.6289,0.8022,4306.5217,,2022-03-11,-4.4783
2022-03-10,3016.3618,475471.8363,12.4487,-58.5387,0.8230,4292.8374,,2022-03-10,26.4374
2022-03-09,3410.0939,469629.6913,12.3109,-61.2887,0.9433,4226.3463,,2022-03-09,24.3463
2022-03-08,3151.7670,474106.5773,12.4355,-45.0362,0.8636,4265.3910,,2022-03-08,28.3910
2022-03-07,3068.9853,483597.8208,12.6846,-21.5389,0.8249,4352.7775,,2022-03-07,13.3775
2022-03-04,2499.7028,497273.4216,13.0433,1.5438,0.6527,4496.4301,,2022-03-04,-2.9699
2022-03-03,2427.0177,502649.1793,13.1830,10.4983,0.6266,4551.6283,,2022-03-03,4.8283
2022-03-02,2152.9966,504119.8368,13.2218,14.1813,0.5535,4578.6007,,2022-03-02,3.6007
2022-03-01,2604.3119,507443.8124,13.3098,14.9317,0.6648,4619.6862,,2022-03-01,11.0862
2022-02-28,2483.6373,503370.2431,13.2088,8.1182,0.6393,4581.6459,,2022-02-28,7.2459
2022-02-25,2717.2760,502230.7777,13.1677,5.9738,0.7009,4573.4247,,2022-02-25,1.4247
2022-02-24,3423.4667,499040.0134,13.0846,5.4153,0.8894,4529.3189,,2022-02-24,-4.6811
2022-02-23,2590.5015,508359.1200,13.3112,14.7631,0.6607,4623.0465,,2022-02-23,5.8465
2022-02-22,2468.7296,504808.4991,13.2235,11.0857,0.6345,4574.1527,,2022-02-22,4.7527
2022-02-21,2150.3918,510536.4140,13.3736,16.0315,0.5463,4634.3141,,2022-02-21,6.9141
2022-02-18,1958.2570,512153.6089,13.4159,12.1541,0.4962,4651.2358,,2022-02-18,2.4358
2022-02-17,2279.4625,509645.6152,13.3503,3.3877,0.5805,4629.1649,,2022-02-17,5.3649
2022-02-16,2101.9093,508981.6873,13.3329,-4.4613,0.5361,4617.9893,,2022-02-16,5.5893
2022-02-15,2499.7701,506853.7846,13.2833,-12.3965,0.6399,4600.1025,,2022-02-15,8.9025
2022-02-14,2757.3755,503694.9659,13.2027,-18.4553,0.7127,4551.6878,,2022-02-14,-0.9122
2022-02-11,3079.3802,509507.5774,13.3620,-14.8420,0.7878,4601.3953,,2022-02-11,6.1953
2022-02-10,2872.2439,511673.6166,13.4264,-16.1478,0.7314,4639.8625,,2022-02-10,3.6625
2022-02-09,2737.7196,511694.3183,13.4321,-22.9578,0.6975,4652.0609,,2022-02-09,3.6609
2022-02-08,2813.6487,507751.2795,13.3320,-32.6892,0.7226,4608.7729,,2022-02-08,1.5729
2022-02-07,2660.3179,507616.5921,13.3285,-35.0523,0.6820,4634.0899,,2022-02-07,6.8899
2022-01-28,2639.6789,498368.4959,13.0623,-39.5511,0.6883,4563.7720,,2022-01-28,23.1720
2022-01-27,2505.3565,504629.8452,13.2265,-27.7338,0.6455,4619.8765,,2022-01-27,-17.9235
2022-01-26,2265.5345,513016.2776,13.4492,-16.7614,0.5735,4712.3109,,2022-01-26,-6.0891
2022-01-25,2505.5577,509310.1897,13.3520,-15.5536,0.6386,4678.4511,,2022-01-25,-12.3489
2022-01-24,2462.6159,520590.4492,13.6478,-4.3685,0.6141,4786.7377,,2022-01-24,-16.6623
2022-01-21,2746.9916,519963.7147,13.6288,-7.2035,0.6861,4779.3142,,2022-01-21,-25.8858
2022-01-20,3043.4427,524746.2528,13.7541,-8.6228,0.7533,4823.5091,,2022-01-20,-1.4909
2022-01-19,2755.3456,520387.3645,13.6402,-18.2024,0.6880,4780.3784,,2022-01-19,-8.0216
2022-01-18,2827.4939,523373.7569,13.7188,-22.2487,0.7024,4813.3472,,2022-01-18,1.1472
2022-01-17,2637.8824,517488.9337,13.5696,-32.6914,0.6627,4767.2762,,2022-01-17,3.6762
2022-01-14,2818.2845,514313.8770,13.5069,-36.4513,0.7128,4726.7317,,2022-01-14,3.1317
2022-01-13,2887.9912,519775.7169,13.6552,-30.4791,0.7232,4765.9191,,2022-01-13,-1.2809
2022-01-12,2931.5304,526428.2349,13.8413,-25.8479,0.7238,4845.5787,,2022-01-12,-7.0213
2022-01-11,2864.4576,522014.5327,13.7353,-32.0961,0.7139,4797.7735,,2022-01-11,-3.0265
2022-01-10,3050.3382,526545.0202,13.8690,-29.3168,0.7536,4844.0451,,2022-01-10,-1.5549
2022-01-07,3322.1895,524562.9343,13.8104,-31.6412,0.8239,4822.3689,,2022-01-07,-7.2311
2022-01-06,3217.5008,522972.5564,13.7685,-28.1839,0.7997,4818.2318,,2022-01-06,0.0318
2022-01-05,3639.4453,527526.0329,13.8884,-19.4779,0.8959,4868.1202,,2022-01-05,-8.8798
2022-01-04,3365.1696,531211.2910,13.9854,-14.2301,0.8220,4917.7653,,2022-01-04,-7.8347