模型,short_multiplier,long_leverage,short_leverage,累计收益,年化收益,Sharpe,最大回撤,胜率
XGBoost,3.0,3.0,1.0,0.2358,0.1773,1.8365,-0.0264,0.0647
XGBoost,2.5,3.0,1.0,0.2358,0.1773,1.8365,-0.0264,0.0647
XGBoost,2.5,2.5,1.0,0.1999,0.1523,1.773,-0.0247,0.0647
XGBoost,3.0,2.5,1.0,0.1999,0.1523,1.773,-0.0247,0.0647
XGBoost,2.5,2.0,1.0,0.1648,0.1273,1.6728,-0.023,0.0647
XGBoost,3.0,2.0,1.0,0.1648,0.1273,1.6728,-0.023,0.0647
XGBoost,3.0,3.0,1.5,0.2538,0.1909,1.6728,-0.0345,0.0647
XGBoost,2.5,3.0,1.5,0.2538,0.1909,1.6728,-0.0345,0.0647
Ridge,3.0,2.0,1.0,0.1814,0.1397,1.5964,-0.04,0.1133
Ridge,3.0,3.0,1.5,0.2796,0.2096,1.5964,-0.0597,0.1133
Ridge,3.0,2.5,1.5,0.2563,0.1934,1.5946,-0.055,0.1133
Ridge,3.0,1.5,1.0,0.1592,0.1235,1.5878,-0.0353,0.1133
Ridge,3.0,3.0,2.0,0.334,0.247,1.5878,-0.0699,0.1133
Ridge,3.0,2.5,1.0,0.2036,0.156,1.5807,-0.0448,0.1133
Ridge,3.0,2.0,1.5,0.233,0.1771,1.5758,-0.0503,0.1133
XGBoost,2.5,2.5,1.5,0.2173,0.1659,1.5757,-0.0354,0.0647
XGBoost,3.0,2.5,1.5,0.2173,0.1659,1.5757,-0.0354,0.0647
Ridge,3.0,2.5,2.0,0.3096,0.2307,1.5676,-0.0653,0.1133
Ridge,3.0,3.0,2.5,0.389,0.2844,1.5618,-0.0801,0.1133
Ridge,3.0,3.0,1.0,0.226,0.1722,1.5543,-0.0495,0.1133
Ridge,3.0,1.5,1.5,0.2099,0.1609,1.5321,-0.0456,0.1133
Ridge,3.0,2.0,2.0,0.2854,0.2145,1.5321,-0.0606,0.1133
Ridge,3.0,3.0,3.0,0.4446,0.3217,1.5321,-0.0904,0.1133
Ridge,3.0,2.5,2.5,0.3637,0.2681,1.5321,-0.0755,0.1133
Ridge,3.0,1.0,1.0,0.1371,0.1072,1.5321,-0.0305,0.1133
XGBoost,3.0,1.5,1.0,0.1304,0.1023,1.5152,-0.0248,0.0647
XGBoost,2.5,1.5,1.0,0.1304,0.1023,1.5152,-0.0248,0.0647
XGBoost,2.5,3.0,2.0,0.2709,0.2045,1.5152,-0.0501,0.0647
XGBoost,3.0,3.0,2.0,0.2709,0.2045,1.5152,-0.0501,0.0647
Ridge,3.0,2.5,3.0,0.4183,0.3055,1.4982,-0.0858,0.1133
Ridge,3.0,2.0,2.5,0.3384,0.2519,1.4903,-0.071,0.1133
Ridge,3.0,1.5,2.0,0.2613,0.1982,1.4778,-0.056,0.1133
Ridge,3.0,1.0,1.5,0.1868,0.1446,1.4549,-0.0409,0.1133
Ridge,3.0,2.0,3.0,0.392,0.2892,1.4549,-0.0813,0.1133
XGBoost,2.5,2.0,1.5,0.1817,0.1409,1.4455,-0.0393,0.0647
XGBoost,3.0,2.0,1.5,0.1817,0.1409,1.4455,-0.0393,0.0647
Ridge,3.0,1.5,2.5,0.3133,0.2356,1.4349,-0.0663,0.1133
XGBoost,3.0,2.5,2.0,0.234,0.1795,1.4068,-0.0539,0.0647
XGBoost,2.5,2.5,2.0,0.234,0.1795,1.4068,-0.0539,0.0647
Ridge,3.0,1.0,2.0,0.2373,0.182,1.4018,-0.0513,0.1133
Ridge,3.0,1.5,3.0,0.3659,0.273,1.4018,-0.0767,0.1133
XGBoost,2.5,3.0,2.5,0.2871,0.2181,1.3823,-0.0684,0.0647
XGBoost,3.0,3.0,2.5,0.2871,0.2181,1.3823,-0.0684,0.0647
Ridge,3.0,1.0,2.5,0.2883,0.2194,1.365,-0.0617,0.1133
Ridge,3.0,1.0,3.0,0.3399,0.2567,1.3384,-0.0722,0.1133
XGBoost,2.5,2.5,2.5,0.2497,0.1931,1.2743,-0.0722,0.0647
XGBoost,3.0,1.5,1.5,0.1469,0.1158,1.2743,-0.0433,0.0647
XGBoost,2.5,3.0,3.0,0.3025,0.2317,1.2743,-0.0866,0.0647
XGBoost,3.0,1.0,1.0,0.0969,0.0772,1.2743,-0.0288,0.0647
XGBoost,2.5,2.0,2.0,0.1978,0.1545,1.2743,-0.0577,0.0647
XGBoost,3.0,3.0,3.0,0.3025,0.2317,1.2743,-0.0866,0.0647
XGBoost,2.5,1.0,1.0,0.0969,0.0772,1.2743,-0.0288,0.0647
XGBoost,3.0,2.5,2.5,0.2497,0.1931,1.2743,-0.0722,0.0647
XGBoost,2.5,1.5,1.5,0.1469,0.1158,1.2743,-0.0433,0.0647
XGBoost,3.0,2.0,2.0,0.1978,0.1545,1.2743,-0.0577,0.0647
XGBoost,3.0,2.5,3.0,0.2646,0.2067,1.1714,-0.0903,0.0647
XGBoost,2.5,2.5,3.0,0.2646,0.2067,1.1714,-0.0903,0.0647
XGBoost,2.5,2.0,2.5,0.2131,0.1681,1.1494,-0.0759,0.0647
XGBoost,3.0,2.0,2.5,0.2131,0.1681,1.1494,-0.0759,0.0647
XGBoost,3.0,1.5,2.0,0.1625,0.1294,1.1156,-0.0616,0.0647
XGBoost,2.5,1.5,2.0,0.1625,0.1294,1.1156,-0.0616,0.0647
Ridge,2.5,3.0,1.0,0.1613,0.129,1.0747,-0.0773,0.1553
XGBoost,2.5,2.0,3.0,0.2275,0.1817,1.0568,-0.0939,0.0647
XGBoost,3.0,1.0,1.5,0.1128,0.0908,1.0568,-0.0472,0.0647
XGBoost,3.0,2.0,3.0,0.2275,0.1817,1.0568,-0.0939,0.0647
XGBoost,2.5,1.0,1.5,0.1128,0.0908,1.0568,-0.0472,0.0647
Ridge,2.5,2.5,1.0,0.1401,0.1128,1.0352,-0.0746,0.1553
XGBoost,2.5,1.5,2.5,0.1774,0.143,1.0077,-0.0797,0.0647
XGBoost,3.0,1.5,2.5,0.1774,0.143,1.0077,-0.0797,0.0647
Ridge,2.5,3.0,1.5,0.1784,0.1448,0.9758,-0.1065,0.1553
Ridge,2.5,2.0,1.0,0.119,0.0965,0.9758,-0.0719,0.1553
XGBoost,2.5,1.0,2.0,0.128,0.1044,0.9307,-0.0654,0.0647
XGBoost,3.0,1.0,2.0,0.128,0.1044,0.9307,-0.0654,0.0647
XGBoost,3.0,1.5,3.0,0.1914,0.1566,0.9307,-0.0977,0.0647
XGBoost,2.5,1.5,3.0,0.1914,0.1566,0.9307,-0.0977,0.0647
Ridge,2.5,2.5,1.5,0.157,0.1286,0.9211,-0.1039,0.1553
Ridge,2.5,1.5,1.0,0.098,0.0803,0.8883,-0.0693,0.1553
Ridge,2.5,3.0,2.0,0.1937,0.1606,0.8883,-0.1351,0.1553
Ridge,2.5,2.0,1.5,0.1355,0.1123,0.8514,-0.1013,0.1553
XGBoost,2.5,1.0,2.5,0.1424,0.118,0.85,-0.0835,0.0647
XGBoost,3.0,1.0,2.5,0.1424,0.118,0.85,-0.0835,0.0647
Ridge,2.5,2.5,2.0,0.1719,0.1443,0.8314,-0.1325,0.1553
Ridge,2.5,3.0,2.5,0.2069,0.1764,0.8189,-0.163,0.1553
Logistic,2.5,3.0,1.0,0.1427,0.1195,0.8109,-0.1106,0.301
XGBoost,2.5,1.0,3.0,0.156,0.1316,0.7944,-0.1014,0.0647
XGBoost,3.0,1.0,3.0,0.156,0.1316,0.7944,-0.1014,0.0647
Ridge,2.5,3.0,3.0,0.218,0.1921,0.7646,-0.1904,0.1553
Ridge,2.5,2.0,2.0,0.1502,0.1281,0.7646,-0.13,0.1553
Ridge,2.5,1.0,1.0,0.0771,0.064,0.7646,-0.0666,0.1553
Ridge,2.5,1.5,1.5,0.1142,0.0961,0.7646,-0.0987,0.1553
Ridge,2.5,2.5,2.5,0.1849,0.1601,0.7646,-0.1606,0.1553
Ridge,2.5,2.5,3.0,0.1958,0.1759,0.7145,-0.1881,0.1553
Ridge,2.5,2.0,2.5,0.1629,0.1439,0.7039,-0.1582,0.1553
Logistic,3.0,3.0,1.0,0.116,0.0995,0.6998,-0.1063,0.2492
Logistic,2.5,2.5,1.0,0.1131,0.097,0.6964,-0.1106,0.301
Ridge,2.0,3.0,1.0,0.1095,0.0937,0.6944,-0.1008,0.2136
Ridge,2.5,1.5,2.0,0.1286,0.1118,0.6877,-0.1275,0.1553
Ridge,2.5,2.0,3.0,0.1736,0.1596,0.6599,-0.1857,0.1553
Ridge,2.5,1.0,1.5,0.093,0.0798,0.6599,-0.0961,0.1553
Ridge,2.5,1.5,2.5,0.1411,0.1276,0.6368,-0.1557,0.1553
Ridge,2.0,2.5,1.0,0.0892,0.0775,0.619,-0.0963,0.2136
Ridge,2.5,1.5,3.0,0.1516,0.1434,0.601,-0.1834,0.1553
Ridge,2.5,1.0,2.0,0.1071,0.0956,0.601,-0.125,0.1553
Logistic,3.0,2.5,1.0,0.0871,0.077,0.5756,-0.1063,0.2492
Ridge,2.5,1.0,2.5,0.1194,0.1114,0.5638,-0.1533,0.1553
Logistic,2.5,3.0,1.5,0.1196,0.1117,0.5629,-0.162,0.301
Logistic,2.5,2.0,1.0,0.084,0.0745,0.5629,-0.1106,0.301
Ridge,2.5,1.0,3.0,0.1297,0.1271,0.5384,-0.181,0.1553
Ridge,2.0,3.0,1.5,0.0986,0.0918,0.5254,-0.1352,0.2136
Ridge,2.0,2.0,1.0,0.0691,0.0612,0.5254,-0.0918,0.2136
Logistic,2.5,2.5,1.5,0.0906,0.0891,0.4632,-0.162,0.301
Ridge,2.0,2.5,1.5,0.0786,0.0756,0.4517,-0.1309,0.2136
Logistic,3.0,2.0,1.0,0.0587,0.0545,0.4307,-0.1063,0.2492
Logistic,3.0,3.0,1.5,0.0814,0.0817,0.4307,-0.1559,0.2492
Ridge,2.0,1.5,1.0,0.049,0.045,0.4113,-0.0873,0.2136
Ridge,2.0,3.0,2.0,0.0845,0.0899,0.4113,-0.1687,0.2136
Logistic,2.5,3.0,2.0,0.0923,0.1038,0.4103,-0.211,0.301
Logistic,2.5,1.5,1.0,0.0554,0.0519,0.4103,-0.1106,0.301
Ridge,1.5,3.0,1.0,0.0548,0.0537,0.3747,-0.1379,0.2686
Ridge,2.0,2.0,1.5,0.0586,0.0593,0.3686,-0.1265,0.2136
Logistic,2.5,2.0,1.5,0.0621,0.0666,0.3553,-0.162,0.301
Ridge,2.0,2.5,2.0,0.0648,0.0737,0.3464,-0.1645,0.2136
Ridge,2.0,3.0,2.5,0.0674,0.0881,0.3328,-0.2013,0.2136
Logistic,2.5,2.5,2.0,0.0639,0.0813,0.3272,-0.211,0.301
Logistic,3.0,2.5,1.5,0.0534,0.0591,0.3225,-0.1559,0.2492
Logistic,2.5,3.0,2.5,0.061,0.0959,0.3101,-0.2576,0.301
Logistic,2.0,3.0,1.0,0.0417,0.045,0.2923,-0.112,0.3495
Ridge,1.5,2.5,1.0,0.0356,0.0374,0.2792,-0.1336,0.2686
Ridge,2.0,1.5,1.5,0.0387,0.0431,0.2765,-0.1222,0.2136
Ridge,2.0,2.5,2.5,0.048,0.0718,0.2765,-0.1973,0.2136
Ridge,2.0,2.0,2.0,0.0451,0.0574,0.2765,-0.1604,0.2136
Ridge,2.0,3.0,3.0,0.0474,0.0862,0.2765,-0.233,0.2136
Ridge,2.0,1.0,1.0,0.029,0.0287,0.2765,-0.0828,0.2136
Logistic,3.0,1.5,1.0,0.0307,0.0319,0.265,-0.1063,0.2492
Logistic,3.0,3.0,2.0,0.0438,0.0638,0.265,-0.2033,0.2492
Logistic,2.5,1.0,1.0,0.0272,0.0294,0.2401,-0.1106,0.301
Logistic,2.5,2.5,2.5,0.0335,0.0734,0.2401,-0.2576,0.301
Logistic,2.5,1.5,1.5,0.034,0.044,0.2401,-0.162,0.301
Logistic,2.5,3.0,3.0,0.0261,0.0881,0.2401,-0.3019,0.301
Logistic,2.5,2.0,2.0,0.0361,0.0587,0.2401,-0.211,0.301
Ridge,2.0,2.5,3.0,0.0283,0.0699,0.2273,-0.2292,0.2136
XGBoost,1.5,3.0,1.0,0.0282,0.034,0.225,-0.1946,0.3754
Ridge,2.0,2.0,2.5,0.0286,0.0556,0.2173,-0.1933,0.2136
Logistic,3.0,2.0,1.5,0.0258,0.0366,0.2054,-0.1559,0.2492
Ridge,2.0,1.5,2.0,0.0254,0.0412,0.2021,-0.1562,0.2136
Logistic,2.5,2.5,3.0,-0.0004,0.0655,0.1802,-0.3019,0.301
Ridge,2.0,2.0,3.0,0.0093,0.0537,0.1765,-0.2254,0.2136
Ridge,2.0,1.0,1.5,0.0189,0.0268,0.1765,-0.1179,0.2136
Logistic,3.0,2.5,2.0,0.0168,0.0413,0.1749,-0.2033,0.2492
Logistic,2.5,2.0,2.5,0.0064,0.0509,0.1681,-0.2576,0.301
Ridge,1.5,3.0,1.5,0.0174,0.0317,0.168,-0.1883,0.2686
Ridge,1.5,2.0,1.0,0.0164,0.0212,0.168,-0.1293,0.2686
Logistic,3.0,3.0,2.5,0.0036,0.0459,0.1564,-0.2485,0.2492
Ridge,2.0,1.5,2.5,0.0093,0.0393,0.1557,-0.1893,0.2136
Logistic,2.0,2.5,1.0,0.0147,0.0225,0.1538,-0.112,0.3495
Logistic,2.5,1.5,2.0,0.0088,0.0362,0.1498,-0.211,0.301
Ridge,2.0,1.0,2.0,0.0059,0.0249,0.1241,-0.152,0.2136
Ridge,2.0,1.5,3.0,-0.0097,0.0374,0.1241,-0.2216,0.2136
Logistic,2.5,2.0,3.0,-0.0266,0.043,0.1191,-0.3019,0.301
Logistic,2.5,1.0,1.5,0.0065,0.0215,0.1191,-0.162,0.301
Logistic,2.5,1.5,2.5,-0.0201,0.0283,0.0943,-0.2576,0.301
Ridge,2.0,1.0,2.5,-0.01,0.0231,0.0922,-0.1853,0.2136
Ridge,1.5,2.5,1.5,-0.0012,0.0155,0.0851,-0.1843,0.2686
Logistic,3.0,2.0,2.0,-0.0098,0.0187,0.0808,-0.2033,0.2492
Logistic,3.0,1.0,1.0,0.0033,0.0094,0.0808,-0.1063,0.2492
Logistic,3.0,2.5,2.5,-0.0224,0.0234,0.0808,-0.2485,0.2492
Logistic,3.0,1.5,1.5,-0.0013,0.014,0.0808,-0.1559,0.2492
Logistic,3.0,3.0,3.0,-0.0387,0.0281,0.0808,-0.2917,0.2492
Ridge,2.0,1.0,3.0,-0.0285,0.0212,0.0707,-0.2177,0.2136
XGBoost,1.5,2.5,1.0,-0.0017,0.009,0.0621,-0.1946,0.3754
Logistic,2.5,1.5,3.0,-0.0523,0.0204,0.0569,-0.3019,0.301
Logistic,2.5,1.0,2.0,-0.0181,0.0136,0.0569,-0.211,0.301
Logistic,1.5,3.0,1.0,-0.0054,0.0076,0.0489,-0.119,0.3754
Ridge,1.5,1.5,1.0,-0.0027,0.0049,0.0412,-0.125,0.2686
Ridge,1.5,3.0,2.0,-0.0224,0.0098,0.0412,-0.2363,0.2686
Logistic,2.5,1.0,2.5,-0.0462,0.0058,0.0193,-0.2576,0.301
Logistic,3.0,2.5,3.0,-0.0637,0.0055,0.0161,-0.2917,0.2492
Logistic,3.0,2.0,2.5,-0.048,0.0008,0.003,-0.2485,0.2492
Logistic,2.0,3.0,1.5,-0.0264,-0.0001,-0.0004,-0.164,0.3495
Logistic,2.0,2.0,1.0,-0.0119,-0.0001,-0.0004,-0.112,0.3495
Ridge,1.5,2.0,1.5,-0.0197,-0.0008,-0.0043,-0.1802,0.2686
Logistic,2.5,1.0,3.0,-0.0775,-0.0021,-0.0059,-0.3019,0.301
XGBoost,1.0,3.0,1.0,-0.0207,-0.0026,-0.0154,-0.2268,0.4466
Logistic,3.0,1.5,2.0,-0.036,-0.0038,-0.0168,-0.2033,0.2492
Ridge,1.5,2.5,2.0,-0.0403,-0.0064,-0.0275,-0.2325,0.2686
Ridge,1.5,3.0,2.5,-0.0641,-0.0121,-0.0417,-0.282,0.2686
Logistic,3.0,2.0,3.0,-0.0881,-0.017,-0.0498,-0.2917,0.2492
Logistic,3.0,1.0,1.5,-0.0279,-0.0085,-0.0498,-0.1559,0.2492
Logistic,3.0,1.5,2.5,-0.0731,-0.0217,-0.0765,-0.2485,0.2492
Ridge,1.5,2.0,2.0,-0.058,-0.0227,-0.0992,-0.2287,0.2686
Ridge,1.5,1.5,1.5,-0.0381,-0.017,-0.0992,-0.1762,0.2686
Ridge,1.5,2.5,2.5,-0.0812,-0.0283,-0.0992,-0.2784,0.2686
Ridge,1.5,1.0,1.0,-0.0217,-0.0113,-0.0992,-0.1206,0.2686
Ridge,1.5,3.0,3.0,-0.1074,-0.034,-0.0992,-0.3253,0.2686
Logistic,1.5,2.5,1.0,-0.0312,-0.0149,-0.1004,-0.1141,0.3754
Logistic,2.0,2.5,1.5,-0.0517,-0.0226,-0.1111,-0.164,0.3495
XGBoost,1.5,3.0,1.5,-0.0543,-0.0241,-0.1158,-0.2802,0.3754
XGBoost,1.5,2.0,1.0,-0.0309,-0.0161,-0.1158,-0.1946,0.3754
Logistic,3.0,1.0,2.0,-0.0617,-0.0264,-0.1166,-0.2033,0.2492
Logistic,3.0,1.5,3.0,-0.1122,-0.0396,-0.1166,-0.2917,0.2492
XGBoost,2.0,3.0,1.0,-0.0325,-0.0168,-0.1172,-0.2,0.2783
Logistic,1.0,3.0,1.0,-0.0399,-0.0206,-0.1289,-0.1267,0.4304
Ridge,1.5,2.5,3.0,-0.1237,-0.0503,-0.1482,-0.322,0.2686
Logistic,3.0,1.0,2.5,-0.0978,-0.0442,-0.157,-0.2485,0.2492
Ridge,1.5,2.0,2.5,-0.0982,-0.0446,-0.158,-0.2748,0.2686
XGBoost,1.0,2.5,1.0,-0.0492,-0.0276,-0.1672,-0.2268,0.4466
Logistic,2.0,3.0,2.0,-0.0946,-0.0452,-0.1686,-0.2135,0.3495
Logistic,2.0,1.5,1.0,-0.038,-0.0226,-0.1686,-0.112,0.3495
Ridge,1.5,1.5,2.0,-0.0757,-0.0389,-0.1729,-0.2249,0.2686
Logistic,3.0,1.0,3.0,-0.1359,-0.0621,-0.184,-0.2917,0.2492
Ridge,1.5,2.0,3.0,-0.1399,-0.0665,-0.1979,-0.3186,0.2686
Ridge,1.5,1.0,1.5,-0.0564,-0.0333,-0.1979,-0.1721,0.2686
Ridge,1.5,1.5,2.5,-0.1151,-0.0608,-0.2179,-0.2712,0.2686
Logistic,2.0,2.0,1.5,-0.0765,-0.0452,-0.2272,-0.164,0.3495
XGBoost,1.5,2.5,1.5,-0.0818,-0.0491,-0.2418,-0.2802,0.3754
Ridge,1.5,1.0,2.0,-0.0933,-0.0552,-0.248,-0.2211,0.2686
Ridge,1.5,1.5,3.0,-0.1561,-0.0828,-0.248,-0.3152,0.2686
Logistic,2.0,2.5,2.0,-0.118,-0.0677,-0.2569,-0.2135,0.3495
Logistic,1.5,3.0,1.5,-0.092,-0.0562,-0.2641,-0.164,0.3754
Logistic,1.5,2.0,1.0,-0.0565,-0.0375,-0.2641,-0.112,0.3754
Logistic,2.0,3.0,2.5,-0.1621,-0.0903,-0.2749,-0.2648,0.3495
Ridge,1.5,1.0,2.5,-0.132,-0.0771,-0.2782,-0.2676,0.2686
Logistic,1.0,2.5,1.0,-0.0648,-0.0431,-0.2834,-0.1225,0.4304
Ridge,1.5,1.0,3.0,-0.1721,-0.099,-0.2983,-0.3119,0.2686
XGBoost,1.5,3.0,2.0,-0.1346,-0.0821,-0.3066,-0.3585,0.3754
XGBoost,1.5,1.5,1.0,-0.0595,-0.0411,-0.3066,-0.1946,0.3754
XGBoost,2.0,2.5,1.0,-0.0607,-0.0418,-0.3069,-0.2,0.2783
XGBoost,1.0,3.0,1.5,-0.1235,-0.079,-0.3283,-0.3233,0.4466
XGBoost,1.0,2.0,1.0,-0.0771,-0.0527,-0.3283,-0.2268,0.4466
Logistic,2.0,2.0,2.0,-0.1411,-0.0903,-0.3473,-0.2243,0.3495
Logistic,2.0,3.0,3.0,-0.2284,-0.1354,-0.3473,-0.3259,0.3495
Logistic,2.0,2.5,2.5,-0.1838,-0.1129,-0.3473,-0.2761,0.3495
Logistic,2.0,1.0,1.0,-0.0636,-0.0451,-0.3473,-0.1153,0.3495
Logistic,2.0,1.5,1.5,-0.1009,-0.0677,-0.3473,-0.1707,0.3495
XGBoost,1.5,2.0,1.5,-0.1087,-0.0741,-0.3724,-0.2802,0.3754
Logistic,1.5,2.5,1.5,-0.1155,-0.0787,-0.3801,-0.164,0.3754
XGBoost,1.5,2.5,2.0,-0.1598,-0.1072,-0.4056,-0.3585,0.3754
Logistic,2.0,2.5,3.0,-0.2484,-0.158,-0.4083,-0.3362,0.3495
Logistic,2.0,2.0,2.5,-0.2052,-0.1354,-0.4206,-0.2873,0.3495
XGBoost,1.5,3.0,2.5,-0.2121,-0.1402,-0.4256,-0.4299,0.3754
Logistic,2.0,1.5,2.0,-0.1638,-0.1128,-0.439,-0.2364,0.3495
Logistic,1.5,1.5,1.0,-0.0815,-0.06,-0.4399,-0.112,0.3754
Logistic,1.5,3.0,2.0,-0.1753,-0.12,-0.4399,-0.2154,0.3754
XGBoost,1.0,2.5,1.5,-0.149,-0.104,-0.44,-0.3233,0.4466
Logistic,1.0,2.0,1.0,-0.0893,-0.0657,-0.4508,-0.1256,0.4304
Logistic,1.0,3.0,1.5,-0.1393,-0.0985,-0.4508,-0.186,0.4304
Logistic,2.0,1.0,1.5,-0.1248,-0.0903,-0.4697,-0.1838,0.3495
Logistic,2.0,2.0,3.0,-0.2681,-0.1805,-0.4697,-0.3465,0.3495
Logistic,2.0,1.5,2.5,-0.2261,-0.158,-0.4943,-0.2984,0.3495
XGBoost,1.0,3.0,2.0,-0.2209,-0.1554,-0.4967,-0.4111,0.4466
XGBoost,1.0,1.5,1.0,-0.1043,-0.0777,-0.4967,-0.2268,0.4466
Logistic,1.5,2.0,1.5,-0.1387,-0.1013,-0.5005,-0.169,0.3754
XGBoost,1.5,2.0,2.0,-0.1844,-0.1322,-0.5063,-0.3585,0.3754
XGBoost,1.5,1.5,1.5,-0.135,-0.0991,-0.5063,-0.2802,0.3754
XGBoost,1.5,2.5,2.5,-0.235,-0.1652,-0.5063,-0.4299,0.3754
XGBoost,1.5,3.0,3.0,-0.2862,-0.1983,-0.5063,-0.4948,0.3754
XGBoost,1.5,1.0,1.0,-0.0874,-0.0661,-0.5063,-0.1946,0.3754
XGBoost,2.0,3.0,1.5,-0.136,-0.1002,-0.5136,-0.2871,0.2783
XGBoost,2.0,2.0,1.0,-0.0882,-0.0668,-0.5136,-0.2,0.2783
Logistic,1.5,2.5,2.0,-0.1966,-0.1426,-0.531,-0.2266,0.3754
Logistic,2.0,1.0,2.0,-0.1861,-0.1354,-0.5311,-0.2486,0.3495
Logistic,2.0,1.5,3.0,-0.2874,-0.2031,-0.5311,-0.3567,0.3495
Logistic,1.5,3.0,2.5,-0.2548,-0.1838,-0.5494,-0.2848,0.3754
XGBoost,1.0,2.0,1.5,-0.1739,-0.129,-0.554,-0.326,0.4466
Ridge,1.0,3.0,1.0,-0.1129,-0.0858,-0.5552,-0.1574,0.3236
Logistic,2.0,1.0,2.5,-0.2468,-0.1805,-0.5679,-0.3096,0.3495
Logistic,1.0,2.5,1.5,-0.1616,-0.1211,-0.5683,-0.1982,0.4304
XGBoost,1.5,2.5,3.0,-0.307,-0.2233,-0.5739,-0.4948,0.3754
XGBoost,1.0,2.5,2.0,-0.2435,-0.1804,-0.5827,-0.4171,0.4466
XGBoost,1.5,2.0,2.5,-0.2574,-0.1902,-0.5875,-0.4299,0.3754
Logistic,2.0,1.0,3.0,-0.3064,-0.2256,-0.5923,-0.3669,0.3495
XGBoost,1.0,3.0,2.5,-0.3121,-0.2317,-0.6,-0.4984,0.4466
XGBoost,1.5,1.5,2.0,-0.2084,-0.1572,-0.6078,-0.3585,0.3754
Logistic,1.5,3.0,3.0,-0.3301,-0.2477,-0.6235,-0.3618,0.3754
Logistic,1.5,2.0,2.0,-0.2177,-0.1651,-0.6235,-0.2434,0.3754
Logistic,1.5,2.5,2.5,-0.2741,-0.2064,-0.6235,-0.3033,0.3754
Logistic,1.5,1.0,1.0,-0.1059,-0.0826,-0.6235,-0.1233,0.3754
Logistic,1.5,1.5,1.5,-0.1614,-0.1238,-0.6235,-0.1825,0.3754
Logistic,1.0,3.0,2.0,-0.2326,-0.1765,-0.6283,-0.2702,0.4304
Logistic,1.0,1.5,1.0,-0.1133,-0.0882,-0.6283,-0.1369,0.4304
XGBoost,1.5,2.0,3.0,-0.3273,-0.2483,-0.6418,-0.4948,0.3754
XGBoost,1.5,1.0,1.5,-0.1607,-0.1242,-0.6418,-0.2802,0.3754
XGBoost,2.0,2.5,1.5,-0.1611,-0.1253,-0.6593,-0.2871,0.2783
XGBoost,1.5,1.5,2.5,-0.2793,-0.2153,-0.6689,-0.4299,0.3754
XGBoost,1.0,1.0,1.0,-0.1309,-0.1027,-0.6693,-0.2326,0.4466
XGBoost,1.0,2.0,2.0,-0.2657,-0.2054,-0.6693,-0.423,0.4466
XGBoost,1.0,3.0,3.0,-0.3967,-0.3081,-0.6693,-0.575,0.4466
XGBoost,1.0,1.5,1.5,-0.1983,-0.1541,-0.6693,-0.3329,0.4466
XGBoost,1.0,2.5,2.5,-0.3321,-0.2568,-0.6693,-0.5035,0.4466
Logistic,1.5,2.5,3.0,-0.3474,-0.2702,-0.6855,-0.3784,0.3754
Logistic,1.0,2.0,1.5,-0.1835,-0.1436,-0.689,-0.211,0.4304
Logistic,1.5,2.0,2.5,-0.2931,-0.2289,-0.6979,-0.3216,0.3754
Ridge,1.0,2.5,1.0,-0.1291,-0.1021,-0.699,-0.1618,0.3236
XGBoost,1.5,1.5,3.0,-0.3471,-0.2733,-0.7095,-0.4948,0.3754
XGBoost,1.5,1.0,2.0,-0.2319,-0.1822,-0.7095,-0.3585,0.3754
Logistic,1.5,1.5,2.0,-0.2383,-0.1877,-0.7165,-0.2634,0.3754
Logistic,1.0,2.5,2.0,-0.2525,-0.199,-0.7196,-0.2855,0.4304
XGBoost,1.0,2.5,3.0,-0.4142,-0.3331,-0.7272,-0.5793,0.4466
XGBoost,2.0,3.0,2.0,-0.2317,-0.1837,-0.734,-0.3663,0.2783
XGBoost,2.0,1.5,1.0,-0.115,-0.0919,-0.734,-0.2,0.2783
Logistic,1.0,3.0,2.5,-0.3195,-0.2544,-0.7379,-0.3564,0.4304
XGBoost,1.0,2.0,2.5,-0.3516,-0.2818,-0.7388,-0.5086,0.4466
Logistic,1.5,1.0,1.5,-0.1837,-0.1464,-0.7475,-0.2043,0.3754
Logistic,1.5,2.0,3.0,-0.3645,-0.2928,-0.7475,-0.3946,0.3754
XGBoost,1.5,1.0,2.5,-0.3007,-0.2403,-0.7501,-0.4299,0.3754
XGBoost,1.0,1.5,2.0,-0.2873,-0.2304,-0.7561,-0.429,0.4466
Logistic,1.5,1.5,2.5,-0.3117,-0.2515,-0.7722,-0.3395,0.3754
XGBoost,1.5,1.0,3.0,-0.3665,-0.2984,-0.777,-0.4948,0.3754
XGBoost,1.0,2.0,3.0,-0.4314,-0.3581,-0.785,-0.5836,0.4466
XGBoost,1.0,1.0,1.5,-0.2221,-0.1791,-0.785,-0.3398,0.4466
XGBoost,1.0,1.5,2.5,-0.3708,-0.3068,-0.808,-0.5137,0.4466
Logistic,1.5,1.0,2.0,-0.2586,-0.2102,-0.8091,-0.283,0.3754
Logistic,1.5,1.5,3.0,-0.3813,-0.3153,-0.8091,-0.4106,0.3754
XGBoost,2.0,2.0,1.5,-0.1857,-0.1503,-0.8096,-0.2871,0.2783
Logistic,1.0,2.0,2.0,-0.272,-0.2216,-0.8115,-0.3041,0.4304
Logistic,1.0,1.0,1.0,-0.1369,-0.1108,-0.8115,-0.1567,0.4304
Logistic,1.0,2.5,2.5,-0.3372,-0.277,-0.8115,-0.3731,0.4304
Logistic,1.0,1.5,1.5,-0.2051,-0.1662,-0.8115,-0.2319,0.4304
Logistic,1.0,3.0,3.0,-0.3999,-0.3323,-0.8115,-0.4383,0.4304
XGBoost,1.0,1.5,3.0,-0.4482,-0.3832,-0.8425,-0.5879,0.4466
XGBoost,1.0,1.0,2.0,-0.3085,-0.2554,-0.8425,-0.4349,0.4466
Logistic,1.5,1.0,2.5,-0.3301,-0.274,-0.8459,-0.3571,0.3754
XGBoost,2.0,2.5,2.0,-0.2541,-0.2087,-0.8477,-0.3663,0.2783
Ridge,1.0,2.0,1.0,-0.1452,-0.1183,-0.8536,-0.1664,0.3236
Ridge,1.0,3.0,1.5,-0.2166,-0.1775,-0.8536,-0.2447,0.3236
Logistic,1.5,1.0,3.0,-0.3978,-0.3379,-0.8702,-0.4263,0.3754
XGBoost,2.0,3.0,2.5,-0.3198,-0.2672,-0.8706,-0.4381,0.2783
Logistic,1.0,2.5,3.0,-0.4155,-0.3549,-0.8729,-0.4528,0.4304
XGBoost,1.0,1.0,2.5,-0.3894,-0.3318,-0.8769,-0.5187,0.4466
Logistic,1.0,2.0,2.5,-0.3545,-0.2995,-0.8852,-0.3895,0.4304
XGBoost,1.0,1.0,3.0,-0.4645,-0.4082,-0.8996,-0.5922,0.4466
Logistic,1.0,1.5,2.0,-0.2912,-0.2441,-0.9035,-0.3225,0.4304
Logistic,1.0,1.0,1.5,-0.2262,-0.1887,-0.934,-0.2523,0.4304
Logistic,1.0,2.0,3.0,-0.4308,-0.3774,-0.934,-0.4672,0.4304
Logistic,1.0,1.5,2.5,-0.3715,-0.322,-0.9583,-0.4056,0.4304
Ridge,1.0,2.5,1.5,-0.2309,-0.1938,-0.9609,-0.2486,0.3236
XGBoost,2.0,3.0,3.0,-0.4004,-0.3506,-0.9626,-0.5031,0.2783
XGBoost,2.0,1.5,1.5,-0.2097,-0.1753,-0.9626,-0.2871,0.2783
XGBoost,2.0,2.0,2.0,-0.2759,-0.2337,-0.9626,-0.3663,0.2783
XGBoost,2.0,1.0,1.0,-0.1413,-0.1169,-0.9626,-0.2,0.2783
XGBoost,2.0,2.5,2.5,-0.3396,-0.2922,-0.9626,-0.4381,0.2783
Logistic,1.0,1.0,2.0,-0.3101,-0.2667,-0.9946,-0.3406,0.4304
Logistic,1.0,1.5,3.0,-0.4458,-0.4,-0.9946,-0.4812,0.4304
Ridge,1.0,3.0,2.0,-0.3115,-0.2692,-1.0153,-0.3272,0.3236
Ridge,1.0,1.5,1.0,-0.1612,-0.1346,-1.0153,-0.1711,0.3236
Logistic,1.0,1.0,2.5,-0.3883,-0.3446,-1.0306,-0.4214,0.4304
XGBoost,2.0,2.5,3.0,-0.4178,-0.3756,-1.0393,-0.5031,0.2783
Logistic,1.0,1.0,3.0,-0.4606,-0.4225,-1.0544,-0.495,0.4304
XGBoost,2.0,2.0,2.5,-0.3589,-0.3172,-1.0546,-0.4381,0.2783
Ridge,1.0,2.0,1.5,-0.2451,-0.21,-1.0698,-0.2581,0.3236
XGBoost,2.0,1.5,2.0,-0.2973,-0.2588,-1.0776,-0.3663,0.2783
Ridge,1.0,2.5,2.0,-0.3241,-0.2854,-1.0971,-0.3395,0.3236
Ridge,1.0,3.0,2.5,-0.3978,-0.3609,-1.1134,-0.4149,0.3236
XGBoost,2.0,2.0,3.0,-0.4349,-0.4006,-1.1158,-0.5031,0.2783
XGBoost,2.0,1.0,1.5,-0.2331,-0.2003,-1.1158,-0.2871,0.2783
XGBoost,2.0,1.5,2.5,-0.3778,-0.3422,-1.1462,-0.4381,0.2783
Ridge,1.0,1.5,1.5,-0.2593,-0.2263,-1.1782,-0.272,0.3236
Ridge,1.0,1.0,1.0,-0.1772,-0.1508,-1.1782,-0.1867,0.3236
Ridge,1.0,2.0,2.0,-0.3366,-0.3017,-1.1782,-0.3517,0.3236
Ridge,1.0,2.5,2.5,-0.4088,-0.3771,-1.1782,-0.4256,0.3236
Ridge,1.0,3.0,3.0,-0.4759,-0.4525,-1.1782,-0.4936,0.3236
XGBoost,2.0,1.5,3.0,-0.4516,-0.4257,-1.1917,-0.5031,0.2783
XGBoost,2.0,1.0,2.0,-0.3181,-0.2838,-1.1917,-0.3663,0.2783
Ridge,1.0,2.5,3.0,-0.4854,-0.4688,-1.2315,-0.5029,0.3236
XGBoost,2.0,1.0,2.5,-0.3963,-0.3672,-1.2368,-0.4381,0.2783
Ridge,1.0,2.0,2.5,-0.4197,-0.3934,-1.2421,-0.4362,0.3236
Ridge,1.0,1.5,2.0,-0.349,-0.3179,-1.2578,-0.3639,0.3236
XGBoost,2.0,1.0,3.0,-0.4678,-0.4507,-1.2666,-0.5031,0.2783
Ridge,1.0,1.0,1.5,-0.2734,-0.2425,-1.2838,-0.2859,0.3236
Ridge,1.0,2.0,3.0,-0.4949,-0.485,-1.2838,-0.5121,0.3236
Ridge,1.0,1.5,2.5,-0.4306,-0.4096,-1.3044,-0.4468,0.3236
Ridge,1.0,1.0,2.0,-0.3614,-0.3342,-1.3348,-0.376,0.3236
Ridge,1.0,1.5,3.0,-0.5044,-0.5013,-1.3348,-0.5212,0.3236
Ridge,1.0,1.0,2.5,-0.4415,-0.4259,-1.3646,-0.4573,0.3236
Ridge,1.0,1.0,3.0,-0.5139,-0.5175,-1.3841,-0.5303,0.3236
